id,gender,occupation_type,avg_work_hours_per_day,avg_rest_hours_per_day,avg_sleep_hours_per_day,avg_exercise_hours_per_day,age_at_death,prediction
10003,Female,Manager,13.77,1.0,8.02,1.21,78,75.12537106703567
10007,Male,Driver,10.66,3.18,8.66,1.5,64,76.81124102434525
10011,Female,Retail Worker,6.67,4.47,10.1,2.76,71,81.53571636903658
10016,Female,Manager,13.87,1.0,6.13,3.0,80,76.84969584264034
10023,Male,Entrepreneur,11.07,3.31,7.67,1.95,83,79.03627958985858
10027,Female,Manual Laborer,10.44,4.22,8.97,0.37,81,75.64122024824601
10033,Female,Driver,8.43,6.04,9.24,0.29,68,79.06486051823127
10039,Male,Freelancer,5.1,12.11,5.35,1.44,93,86.40949861449
10049,Male,Artist,4.78,10.43,7.79,1.0,89,86.59989244852079
10050,Female,Entrepreneur,12.05,4.08,5.91,1.96,87,76.01050594059447
10051,Female,Retail Worker,9.74,4.13,8.29,1.83,81,81.75390710215045
10053,Male,Healthcare Worker,10.52,3.53,6.95,3.0,91,81.52724663043008
10055,Female,Manager,11.48,2.21,9.57,0.74,68,76.30362722793124
10059,Female,Engineer,7.18,7.36,9.34,0.12,77,79.34210989624462
10070,Female,Manual Laborer,8.19,3.84,9.41,2.57,82,79.37677710327065
10077,Female,Consultant,11.59,2.84,7.06,2.51,90,83.11436039295123
10087,Male,Teacher,6.07,6.98,7.98,2.97,86,87.63047017245373
10113,Male,Manager,13.57,2.9,5.13,2.41,65,74.33760361509698
10127,Male,Technician,7.91,7.14,6.6,2.36,100,85.36663098870902
10131,Male,Scientist,8.26,7.32,8.41,0.0,90,78.737369912996
10132,Female,Artist,7.01,7.22,8.28,1.49,91,87.20013175190272
10133,Male,Scientist,10.13,5.89,7.98,0.0,74,77.8719879277809
10145,Male,Manual Laborer,10.8,5.11,7.07,1.02,69,76.12241252097584
10147,Male,Healthcare Worker,11.48,1.0,8.87,2.65,75,73.93050056301436
10169,Male,Driver,10.85,3.9,7.79,1.47,79,78.80903088395476
10178,Male,Healthcare Worker,9.1,8.31,5.72,0.87,80,81.93358606196806
10182,Male,Engineer,9.88,6.57,6.63,0.92,89,80.07538268540485
10186,Female,Engineer,9.92,3.56,8.97,1.56,79,79.98882328516711
10189,Male,Technician,8.59,6.14,7.52,1.75,76,82.67610522745775
10203,Male,Freelancer,11.55,3.33,7.21,1.91,64,77.69561725625778
10210,Female,Freelancer,7.43,10.34,3.79,2.45,75,87.98806642278954
10225,Female,Healthcare Worker,9.69,4.69,7.12,2.51,78,84.07467360577097
10234,Male,Freelancer,11.12,6.84,5.06,0.99,82,74.2081659414625
10243,Male,Consultant,7.83,6.35,6.9,2.92,100,85.08120619580981
10248,Male,Healthcare Worker,11.18,5.53,6.64,0.65,78,75.40844316051712
10265,Male,Technician,9.96,4.27,9.7,0.07,82,71.7873263670835
10279,Female,Technician,9.01,4.76,7.73,2.51,87,85.2352711791894
10284,Female,Consultant,7.13,8.46,5.42,3.0,84,87.45479413583149
10287,Male,Manual Laborer,11.54,3.5,6.6,2.36,75,77.9948079000633
10289,Female,Driver,11.23,4.98,6.31,1.48,73,80.06482493558222
10292,Male,Healthcare Worker,8.36,8.93,5.81,0.9,78,83.40588711247608
10294,Female,Technician,9.18,8.35,5.59,0.88,92,84.3614895853622
10315,Male,Artist,9.66,6.09,8.26,0.0,76,78.03482081230833
10319,Male,Freelancer,6.02,7.02,8.57,2.39,72,85.44800913504965
10320,Male,Entrepreneur,11.78,4.72,6.01,1.49,75,74.3357109338307
10324,Female,Driver,11.06,6.04,6.85,0.05,83,79.351292122041
10326,Female,Manual Laborer,8.03,3.83,9.49,2.64,78,79.80814791418413
10341,Male,Retail Worker,7.94,7.31,8.74,0.0,86,78.48675700039612
10343,Male,Technician,9.66,2.6,11.23,0.52,65,71.60692817855671
10357,Male,Retail Worker,9.88,8.75,5.04,0.33,77,79.9489508442448
10371,Male,Driver,8.18,7.95,5.46,2.41,99,84.35894198583647
10373,Male,Office Worker,7.73,7.34,7.57,1.35,88,83.11795473620326
10377,Female,Consultant,11.07,3.28,8.87,0.78,82,74.85166573640122
10384,Male,Artist,4.14,9.14,8.22,2.5,100,86.25429311512102
10405,Female,Manual Laborer,10.33,3.37,7.37,2.93,87,83.49935046569401
10413,Male,Artist,9.87,4.06,7.06,3.0,91,84.88839035577365
10419,Male,Driver,9.01,4.67,7.33,3.0,87,84.96466345611405
10434,Male,Driver,11.29,2.17,8.12,2.41,68,76.98140221815785
10447,Male,Freelancer,10.23,2.13,8.93,2.72,80,78.91998362644583
10454,Female,Retail Worker,8.42,6.92,6.92,1.73,83,87.94157595899438
10465,Male,Scientist,9.34,5.13,8.11,1.42,84,80.10702903918164
10466,Male,Healthcare Worker,11.66,4.23,7.32,0.79,81,74.54748778988368
10474,Female,Scientist,10.75,4.03,7.68,1.54,84,80.34866210953327
10482,Female,Retail Worker,7.08,8.45,8.27,0.2,74,84.25022296313291
10486,Male,Engineer,8.81,9.45,5.74,0.0,77,81.56429849036438
10490,Female,Office Worker,7.91,4.99,9.14,1.96,83,84.36708854855421
10503,Male,Engineer,9.88,4.8,7.11,2.21,88,83.10408362700642
10512,Male,Artist,5.22,9.33,9.45,0.0,69,77.75537486899606
10514,Male,Freelancer,9.42,8.36,4.38,1.84,88,82.62976425264155
10517,Male,Teacher,7.64,7.76,6.11,2.49,74,83.04124212660815
10520,Female,Healthcare Worker,10.84,2.33,8.97,1.86,91,76.73734998967103
10525,Male,Driver,9.8,1.19,10.01,3.0,76,75.64852993461928
10530,Female,Artist,8.67,7.16,7.47,0.71,85,86.26596096084273
10537,Female,Office Worker,7.01,9.74,5.84,1.41,89,88.14104357223327
10544,Female,Driver,9.13,7.02,6.22,1.63,82,84.95406863048034
10545,Female,Office Worker,7.79,7.8,6.36,2.06,90,87.94109083132797
10548,Female,Healthcare Worker,10.14,5.29,7.39,1.17,84,81.65339229646982
10553,Female,Artist,9.1,3.76,10.03,1.11,80,75.46418148291139
10554,Male,Retail Worker,8.01,8.91,6.15,0.94,82,84.60084097889222
10557,Male,Engineer,8.52,8.46,5.6,1.42,82,82.42284097789334
10560,Male,Office Worker,8.09,6.16,7.33,2.42,87,86.65011483994842
10561,Female,Engineer,7.72,4.87,8.41,3.0,84,86.28735701705227
10580,Female,Engineer,8.5,10.01,5.28,0.21,82,84.97661465642963
10594,Female,Freelancer,9.56,6.48,5.44,2.51,76,85.12897160302737
10600,Female,Driver,11.44,4.14,8.42,0.0,85,74.83941596589065
10604,Female,Office Worker,7.77,5.24,9.18,1.81,96,82.48157873948809
10620,Male,Manager,11.87,3.03,7.85,1.24,83,74.3792065985941
10626,Male,Healthcare Worker,8.41,6.45,8.09,1.05,89,82.21704070526916
10630,Male,Manual Laborer,10.01,5.46,7.39,1.14,82,81.59792585075401
10632,Male,Freelancer,6.9,9.1,6.57,1.43,83,87.828046146195
10634,Male,Scientist,8.83,6.11,7.95,1.12,84,80.22974374518368
10639,Male,Retail Worker,6.44,7.34,10.14,0.08,76,75.02815754044292
10641,Female,Scientist,10.23,3.4,8.1,2.27,71,83.64783512994299
10645,Female,Manager,12.14,4.67,6.1,1.1,90,74.77574312146804
10649,Male,Retail Worker,8.2,5.34,7.46,3.0,84,87.77115248123773
10655,Female,Entrepreneur,11.7,3.66,6.17,2.47,80,79.35562414753724
10665,Female,Engineer,7.2,6.43,9.66,0.7,81,78.80931551182867
10669,Female,Retail Worker,9.11,4.87,7.01,3.0,87,88.06171414589372
10681,Female,Retail Worker,8.65,4.93,8.21,2.21,78,85.89176195343212
10683,Female,Manager,12.22,4.02,7.13,0.63,72,75.78681140710646
10686,Female,Technician,7.14,3.51,10.35,3.0,76,79.13499675918098
10688,Male,Artist,9.88,3.1,8.7,2.32,82,80.71219272237528
10695,Male,Manager,9.85,5.85,7.09,1.21,73,80.75889111605443
10699,Male,Engineer,7.86,3.71,10.65,1.78,63,71.70123775429785
10702,Male,Engineer,8.15,4.45,10.25,1.14,65,69.97861651407074
10706,Male,Teacher,8.82,7.53,7.15,0.5,78,81.10421148862969
10714,Female,Artist,4.22,8.49,9.3,1.99,100,84.8649907494333
10725,Male,Driver,10.52,4.62,7.96,0.9,90,79.38478704315588
10726,Female,Artist,7.61,10.64,3.49,2.26,93,88.38350948123549
10728,Male,Driver,10.64,1.0,10.27,2.09,77,71.76671133100476
10751,Female,Consultant,6.82,7.99,8.84,0.34,100,81.66931940960667
10752,Female,Scientist,10.96,2.56,8.03,2.45,79,82.43039945498202
10762,Female,Retail Worker,8.57,5.49,9.36,0.58,76,80.56452016376316
10766,Female,Manager,11.75,3.44,6.5,2.31,78,78.86646263037045
10770,Male,Driver,8.07,7.77,7.15,1.02,75,82.21180376678458
10772,Male,Technician,9.52,4.66,7.72,2.1,87,83.28953704960726
10777,Male,Consultant,9.54,6.92,7.51,0.02,81,80.38749349239237
10786,Female,Driver,10.67,4.52,6.39,2.41,81,84.5597290793714
10798,Male,Healthcare Worker,11.63,4.29,7.81,0.26,62,75.58502359624275
10804,Female,Healthcare Worker,10.41,1.17,9.42,3.0,69,80.6172608510697
10806,Male,Scientist,9.9,4.29,6.98,2.83,78,84.96452090699945
10811,Female,Artist,4.04,12.38,7.14,0.44,98,88.30566932441421
10821,Female,Scientist,9.14,3.42,8.79,2.66,76,82.8221032806731
10835,Female,Freelancer,11.53,1.0,8.47,3.0,56,81.70095091779051
10842,Male,Freelancer,10.21,1.0,10.7,2.09,80,73.02322908070651
10851,Male,Technician,8.63,7.21,7.29,0.87,86,80.79017659750771
10853,Female,Manual Laborer,11.65,1.0,9.19,2.16,68,77.3978466263669
10857,Female,Technician,8.28,5.97,8.29,1.46,94,86.06910332873323
10862,Female,Driver,10.78,4.5,7.57,1.16,74,80.52269958065227
10866,Male,Scientist,7.62,6.18,8.54,1.66,87,82.79759807169752
10878,Male,Scientist,9.35,7.83,5.59,1.23,87,79.24429832293103
10891,Male,Consultant,6.98,10.93,5.54,0.55,91,82.44220633828529
10900,Female,Manager,13.64,1.96,6.75,1.66,66,75.50509727358836
10902,Male,Healthcare Worker,8.42,4.42,8.19,2.98,90,82.69752816146897
10906,Female,Consultant,11.32,2.52,7.17,3.0,89,84.71545107138742
10909,Male,Retail Worker,9.91,5.66,5.43,3.0,74,83.34969948569787
10910,Male,Technician,8.96,9.15,5.26,0.63,78,78.54400293202276
10916,Female,Healthcare Worker,9.04,6.99,7.78,0.19,95,83.62144557011466
10932,Female,Scientist,8.77,4.14,9.25,1.84,84,79.49291955150542
10933,Male,Manager,9.68,5.01,6.3,3.0,79,83.88763404463381
10945,Female,Healthcare Worker,9.7,8.04,4.78,1.48,73,85.14363073161375
10948,Female,Artist,5.04,9.62,7.67,1.67,91,90.94736647997712
10950,Male,Consultant,10.84,3.25,9.15,0.77,74,73.67185867019153
10955,Female,Scientist,9.82,4.52,9.02,0.65,88,78.58314255013448
10956,Female,Healthcare Worker,8.63,9.02,3.82,2.54,88,85.98064151006936
10965,Male,Freelancer,5.65,7.4,9.17,1.78,96,80.953497272909
10971,Female,Entrepreneur,12.82,1.67,7.79,1.71,72,78.04934242461454
10974,Male,Entrepreneur,11.85,1.01,9.82,1.32,69,69.99536258990472
10991,Male,Office Worker,7.21,11.4,4.78,0.61,69,82.12677861890752
11000,Male,Consultant,6.13,8.38,6.97,2.52,77,86.90760586634322
11002,Male,Teacher,6.43,10.06,7.51,0.0,89,82.91567631568313
11009,Female,Office Worker,8.86,6.37,7.91,0.85,97,83.5099758415343
11012,Male,Engineer,8.5,10.17,5.33,0.0,75,82.54844274324667
11024,Female,Office Worker,8.14,9.26,5.75,0.85,88,86.18829262583216
11035,Male,Healthcare Worker,8.87,5.06,7.81,2.26,79,83.24064149545076
11045,Male,Scientist,9.36,4.96,9.22,0.46,78,73.81709866970552
11051,Female,Manager,8.39,7.02,7.89,0.7,79,85.9025502996391
11052,Female,Freelancer,6.85,6.55,7.92,2.68,92,90.91020743661282
11059,Male,Office Worker,8.17,8.64,5.9,1.29,82,83.73509507584063
11074,Female,Driver,11.52,3.23,7.95,1.31,76,79.044333501899
11075,Female,Healthcare Worker,9.78,8.84,4.5,0.87,90,82.63132095599026
11080,Female,Teacher,8.23,8.4,6.74,0.63,84,85.6085351953376
11081,Female,Artist,6.3,9.06,6.96,1.68,83,90.98099319224332
11084,Male,Technician,9.94,7.34,6.72,0.0,84,76.63917821373948
11086,Female,Manager,8.9,10.4,4.3,0.4,92,83.17558977439806
11088,Male,Manual Laborer,10.85,4.23,8.24,0.68,81,75.61092288790466
11089,Female,Driver,8.79,5.69,6.93,2.59,82,86.23080572434765
11092,Male,Office Worker,8.65,7.79,6.09,1.47,85,82.97293897329757
11104,Male,Manager,10.58,3.76,8.4,1.27,80,76.48379649448454
11110,Female,Teacher,7.72,5.35,8.07,2.86,89,87.3221671895243
11112,Female,Retail Worker,7.64,9.73,6.27,0.36,93,86.37995658609557
11115,Female,Office Worker,9.24,1.21,10.9,2.64,83,77.19928628763886
11125,Female,Manager,12.02,2.75,7.05,2.18,64,78.57282415030895
11128,Female,Freelancer,5.07,10.46,7.15,1.32,98,91.61993230632208
11130,Male,Office Worker,7.03,6.91,7.53,2.52,93,86.65616453221584
11140,Male,Technician,7.06,5.88,8.85,2.2,87,82.7008431102191
11148,Female,Scientist,9.13,8.39,6.0,0.48,84,82.7817971035061
11150,Female,Manual Laborer,10.51,4.29,6.47,2.74,79,84.63836120242749
11155,Male,Office Worker,9.03,3.75,9.54,1.68,83,75.50443506612918
11164,Female,Manual Laborer,8.53,5.52,7.44,2.5,100,87.02914624644035
11165,Female,Manager,12.78,1.07,9.33,0.82,74,76.2952542046572
11168,Male,Teacher,6.64,7.43,7.18,2.74,97,87.6679340644362
11169,Male,Entrepreneur,10.5,3.89,7.11,2.5,76,81.77527832352585
11173,Male,Manual Laborer,9.58,3.03,10.19,1.21,65,72.49298706168416
11191,Male,Driver,10.03,5.58,7.29,1.1,94,80.79724829120177
11199,Female,Scientist,9.38,4.77,9.85,0.0,72,76.316492791847
11201,Male,Freelancer,8.93,5.45,6.62,3.0,81,85.27495597935051
11205,Male,Engineer,8.39,4.83,8.35,2.42,93,82.75602582370591
11206,Male,Manager,12.58,4.06,6.97,0.39,68,73.34417926150523
11217,Male,Artist,6.87,12.33,4.6,0.19,93,83.50343130105725
11218,Female,Artist,9.27,3.25,8.58,2.9,82,83.34881375085538
11220,Male,Freelancer,5.44,9.62,7.11,1.84,85,88.35038677924909
11223,Female,Teacher,6.95,7.78,8.13,1.15,83,86.64322668010261
11231,Male,Office Worker,9.99,6.72,5.63,1.66,74,81.1632820621417
11232,Female,Office Worker,7.63,7.68,7.06,1.64,90,87.88360050114832
11233,Male,Technician,8.01,11.96,4.03,0.0,69,80.26235823009814
11234,Female,Technician,7.2,9.59,5.5,1.71,100,87.62461168638163
11236,Female,Office Worker,8.5,7.29,7.23,0.98,92,84.98320189423059
11238,Female,Consultant,10.45,6.36,6.87,0.31,86,78.4115510312085
11242,Male,Consultant,11.11,5.5,6.56,0.83,79,76.8509493752954
11246,Female,Scientist,9.81,2.07,10.61,1.51,70,74.18266896344021
11247,Female,Manual Laborer,9.27,3.85,7.88,3.0,99,87.77052414565209
11252,Male,Technician,7.18,6.68,7.45,2.69,90,88.75327913619118
11253,Male,Consultant,11.3,2.16,7.64,2.89,82,81.99202910768439
11255,Male,Artist,8.78,4.35,8.72,2.15,91,81.44009680911417
11275,Female,Artist,9.37,4.86,7.32,2.46,92,84.68276534084971
11278,Male,Scientist,9.14,5.97,6.44,2.45,80,83.64069447017158
11280,Male,Manager,8.82,5.41,8.1,1.67,83,81.17717347485045
11299,Male,Consultant,8.06,9.76,5.57,0.6,91,82.53244115621044
11302,Female,Retail Worker,7.81,9.25,5.11,1.83,81,88.36143277585762
11341,Male,Consultant,8.59,8.49,6.92,0.0,88,82.2809393511363
11342,Male,Teacher,7.05,6.16,8.01,2.78,94,86.52396421803203
11345,Female,Teacher,7.56,4.93,9.51,2.0,71,83.16344674956082
11350,Female,Healthcare Worker,9.38,5.67,6.77,2.19,94,84.32352935649301
11351,Female,Manual Laborer,10.7,3.58,7.48,2.24,87,81.0867369384681
11354,Male,Manager,8.45,6.04,7.88,1.64,85,83.95121217757281
11359,Male,Entrepreneur,10.87,6.13,6.32,0.67,73,76.06726121223794
11362,Male,Artist,9.49,5.9,8.18,0.42,82,79.04097816656252
11366,Female,Manual Laborer,9.98,4.02,7.0,3.0,88,86.03132301208754
11368,Female,Artist,5.92,9.82,5.7,2.56,95,90.54157819623195
11369,Male,Healthcare Worker,8.03,5.28,9.34,1.36,71,76.74963806326566
11370,Female,Technician,7.32,5.95,8.46,2.26,91,88.24063117367182
11386,Female,Office Worker,8.59,4.22,9.18,2.01,80,81.7913978135063
11388,Male,Entrepreneur,11.42,1.32,8.26,3.0,64,78.82215045491597
11393,Male,Scientist,7.22,5.03,8.8,2.95,79,83.28080952271219
11407,Male,Retail Worker,9.07,5.7,6.99,2.25,92,85.61503259468003
11425,Female,Healthcare Worker,8.84,6.76,7.9,0.5,79,83.0161364498904
11434,Male,Scientist,9.11,3.63,8.76,2.5,60,82.35351972720024
11435,Male,Artist,5.27,6.36,9.97,2.39,78,80.70203807369572
11436,Female,Scientist,7.33,7.92,7.92,0.83,94,88.46527200394674
11444,Male,Manual Laborer,11.64,4.49,6.96,0.91,70,74.81131553795322
11451,Male,Manual Laborer,9.64,5.48,8.47,0.41,88,76.38236690642762
11456,Female,Scientist,7.29,7.91,7.0,1.8,93,87.77525911544106
11461,Female,Retail Worker,7.68,3.71,9.61,3.0,73,80.54294799072125
11479,Female,Scientist,8.23,7.23,7.35,1.19,80,88.00295372436746
11483,Male,Driver,9.71,3.21,10.31,0.77,80,72.377150350862
11484,Male,Office Worker,8.58,8.9,4.18,2.35,83,82.45785320389787
11487,Male,Artist,5.05,10.96,7.6,0.39,98,85.11112156445176
11492,Male,Driver,8.34,7.39,7.87,0.4,91,81.88208047025243
11494,Male,Retail Worker,7.02,5.75,10.53,0.7,75,74.38675694041268
11509,Female,Driver,9.32,3.75,8.63,2.3,69,82.0292425447606
11510,Male,Manager,12.68,2.21,7.74,1.37,86,74.82382528298106
11512,Female,Manager,11.69,3.6,5.93,2.78,65,79.27236051887365
11515,Male,Manager,9.06,3.27,8.92,2.75,80,81.38607113105913
11524,Female,Manager,10.62,2.54,10.57,0.27,71,73.23171591049982
11542,Female,Technician,8.58,8.08,5.82,1.52,89,84.93145482035757
11543,Female,Artist,8.52,6.26,7.64,1.58,87,87.13390152295433
11546,Female,Driver,10.26,2.64,8.1,3.0,91,83.90135486541269
11547,Female,Driver,11.8,5.22,5.62,1.35,79,78.02272324996896
11549,Male,Retail Worker,8.69,5.75,8.67,0.9,89,80.16415659505574
11567,Female,Office Worker,9.49,7.58,3.93,3.0,80,85.22938655125071
11568,Female,Driver,8.19,5.39,7.42,3.0,100,89.89208370965845
11574,Female,Driver,10.5,5.49,6.77,1.24,88,81.77879397384292
11582,Female,Retail Worker,8.6,5.05,9.8,0.55,75,77.91682069264854
11596,Female,Freelancer,10.64,2.46,7.9,3.0,82,83.61375393356064
11603,Female,Healthcare Worker,10.19,4.87,7.43,1.51,83,84.59685530158868
11609,Male,Consultant,6.24,7.6,9.27,0.88,72,79.3428922382393
11610,Female,Manual Laborer,10.46,3.99,8.47,1.08,66,77.7357806591625
11622,Female,Artist,5.03,11.5,4.56,2.91,85,89.8612520807872
11624,Female,Entrepreneur,11.53,1.0,9.1,2.37,83,79.1856735303414
11649,Male,Manual Laborer,9.53,8.04,5.74,0.69,75,79.08106306065355
11655,Male,Artist,5.86,11.19,6.95,0.0,88,84.72807080942528
11661,Male,Engineer,8.47,5.28,9.96,0.29,70,73.96681712808993
11665,Female,Artist,8.98,2.76,10.98,1.28,74,73.40116591582694
11669,Female,Artist,8.11,3.39,11.52,0.98,62,73.50874896960981
11674,Male,Freelancer,8.79,2.72,10.72,1.76,76,73.15135716636492
11680,Female,Manual Laborer,9.36,5.81,8.47,0.36,63,81.2602119922705
11689,Female,Healthcare Worker,11.44,3.6,8.08,0.89,79,76.60287835627268
11694,Male,Engineer,7.1,5.84,10.14,0.92,81,74.46527282803044
11709,Female,Driver,10.81,3.85,6.89,2.45,76,82.68774887464602
11711,Male,Manager,10.37,1.34,9.35,2.94,69,77.7980881472809
11713,Female,Teacher,8.71,5.56,7.87,1.86,82,87.1612859732898
11718,Male,Freelancer,9.47,5.57,6.99,1.97,82,82.6872399643569
11720,Male,Artist,9.76,5.39,8.85,0.0,76,77.30024621755247
11723,Male,Office Worker,9.85,2.09,9.64,2.42,75,76.60692757413514
11726,Female,Consultant,9.89,5.66,8.16,0.29,73,83.84541723916246
11731,Female,Driver,9.69,5.13,8.15,1.02,78,82.17634128966301
11736,Female,Healthcare Worker,8.93,5.95,8.38,0.74,90,81.04507326581766
11737,Female,Office Worker,9.55,3.79,9.46,1.2,94,77.46625799624779
11741,Female,Entrepreneur,10.35,3.18,7.61,2.87,76,83.29099424041313
11747,Male,Technician,7.88,8.25,7.87,0.0,89,78.99890294297781
11748,Male,Artist,4.25,7.48,10.22,2.04,93,79.03340461942217
11749,Male,Manual Laborer,11.21,3.97,7.67,1.15,71,78.43597408245546
11750,Female,Teacher,8.16,6.37,7.03,2.44,99,88.62963507521883
11771,Female,Technician,9.25,4.9,7.03,2.83,83,86.00861934782812
11775,Female,Manual Laborer,8.48,6.09,7.4,2.03,85,86.72572331310383
11777,Female,Office Worker,7.16,9.34,5.9,1.61,93,88.12003088566364
11789,Male,Engineer,8.21,2.79,10.15,2.85,97,78.53474558559695
11798,Male,Entrepreneur,12.97,3.37,7.67,0.0,79,70.27502254106822
11804,Female,Artist,7.1,9.64,7.26,0.0,90,85.61527604458959
11812,Male,Healthcare Worker,10.36,4.66,6.97,2.0,68,82.19985561595065
11813,Male,Teacher,7.67,8.26,6.63,1.44,76,83.92735459690552
11823,Male,Retail Worker,8.92,6.14,5.93,3.0,85,86.94747181324054
11830,Male,Manager,11.46,2.69,8.1,1.75,74,76.90764502640528
11831,Female,Consultant,8.07,4.74,9.12,2.06,95,81.81217130380526
11837,Male,Teacher,6.04,10.88,6.97,0.11,86,85.44555432307887
11852,Female,Retail Worker,9.75,4.39,9.15,0.71,78,77.27791471587588
11874,Male,Scientist,10.25,3.0,7.75,3.0,90,82.0251063333838
11878,Female,Driver,10.92,3.53,8.71,0.83,71,77.4351512345122
11880,Female,Manager,11.63,2.04,7.71,2.62,85,83.28321176470865
11881,Female,Healthcare Worker,11.53,1.93,10.2,0.34,73,71.19909175625664
11886,Male,Teacher,6.62,6.52,9.02,1.84,73,81.82136556818112
11893,Female,Artist,6.51,10.97,5.5,1.03,80,87.69911399875258
11895,Male,Consultant,7.86,7.63,6.63,1.89,84,82.81523748339777
11908,Male,Manager,10.12,8.49,4.63,0.76,72,77.06571219870436
11921,Male,Healthcare Worker,9.96,3.9,7.91,2.23,88,82.72974389320126
11928,Male,Consultant,9.29,8.78,5.94,0.0,85,80.10602662508822
11936,Male,Office Worker,8.56,5.58,9.86,0.0,77,74.29885181841719
11942,Male,Office Worker,7.21,6.76,8.88,1.15,74,78.31233052387459
11945,Female,Office Worker,8.86,5.39,9.74,0.02,68,76.73362866267853
11947,Male,Healthcare Worker,10.48,5.57,4.98,2.97,78,82.39945762399645
11951,Male,Scientist,10.04,2.04,8.92,3.0,75,79.56798340264056
11956,Male,Technician,7.72,3.71,11.34,1.24,61,69.52169238227769
11957,Female,Manager,13.72,1.0,8.32,0.96,60,73.87029513616902
11960,Female,Office Worker,7.65,7.63,8.47,0.26,79,82.38541446386884
11966,Female,Scientist,10.2,5.69,6.52,1.58,71,84.45966510706157
11967,Female,Office Worker,8.24,3.2,9.55,3.0,83,82.36154366828525
11975,Male,Engineer,7.01,8.01,5.98,3.0,87,88.15224252031607
11978,Male,Engineer,7.19,9.73,4.7,2.39,97,88.3726432679842
11981,Male,Consultant,6.44,7.74,7.39,2.43,95,88.78696821510043
11988,Female,Teacher,7.25,11.68,3.99,1.08,83,87.83896962012184
11997,Male,Artist,9.57,6.04,5.4,3.0,77,83.0861559384856
12001,Female,Office Worker,9.31,3.31,8.38,3.0,89,85.46505431346128
12008,Male,Entrepreneur,12.92,1.0,8.52,1.56,63,71.4956936198247
12009,Female,Entrepreneur,14.48,1.04,7.78,0.69,85,73.421512367667
12012,Female,Retail Worker,7.19,8.95,5.06,2.79,78,90.70289532568157
12013,Female,Engineer,9.51,6.64,6.93,0.92,81,84.94836735951549
12019,Male,Retail Worker,7.69,7.12,6.93,2.27,86,86.5919468072999
12022,Male,Artist,7.54,10.49,5.77,0.2,90,82.2927956249467
12031,Male,Engineer,8.74,4.06,8.71,2.49,81,83.26040429539762
12037,Female,Freelancer,5.88,8.95,7.62,1.56,86,91.06481106870928
12042,Female,Manager,13.76,1.0,7.89,1.35,75,75.97450222263885
12046,Female,Office Worker,8.07,7.63,6.11,2.19,82,89.9066081254927
12048,Male,Freelancer,8.6,4.72,8.48,2.21,82,82.47347003447709
12054,Male,Scientist,10.99,4.58,8.4,0.03,63,75.58606163551295
12056,Male,Teacher,7.33,10.98,5.68,0.0,74,81.63659933789387
12057,Male,Entrepreneur,10.88,4.02,6.84,2.26,77,82.50206691638589
12066,Female,Entrepreneur,14.38,3.44,5.02,1.16,58,74.42159381041647
12069,Male,Teacher,6.65,8.19,6.55,2.61,90,86.90241065790809
12070,Male,Manual Laborer,8.9,9.75,5.11,0.24,93,82.04594836063767
12077,Female,Manager,11.11,4.64,7.6,0.65,92,77.10332651149606
12086,Female,Manual Laborer,9.42,6.4,7.44,0.75,86,85.252769816784
12089,Male,Engineer,8.11,7.47,5.42,3.0,92,85.36455446352355
12095,Female,Driver,11.2,2.78,7.73,2.29,73,80.41270065702795
12104,Female,Retail Worker,9.25,5.52,7.59,1.64,89,85.63562151247056
12107,Female,Scientist,8.36,7.63,5.07,2.94,84,88.51671830297244
12110,Female,Artist,6.32,10.01,6.11,1.55,82,89.87380537423836
12113,Female,Engineer,9.46,6.36,6.68,1.5,84,84.36606137332085
12118,Male,Manager,13.74,1.29,7.85,1.12,69,71.80202150281607
12122,Female,Manager,12.01,1.0,9.76,1.23,66,73.77551408657818
12132,Female,Artist,7.86,7.58,5.92,2.64,91,90.90918202529173
12133,Male,Scientist,10.22,6.12,5.79,1.87,72,78.30436604196883
12142,Male,Scientist,9.35,6.41,5.64,2.6,83,83.18672768874052
12148,Female,Manual Laborer,11.9,2.38,6.99,2.73,80,81.67608073991667
12149,Female,Scientist,8.29,5.98,8.82,0.9,84,81.21571997676992
12155,Female,Artist,8.95,4.22,9.89,0.93,70,76.23725814395257
12158,Male,Office Worker,9.69,4.06,8.93,1.32,83,78.14175985304851
12162,Male,Artist,8.91,6.4,6.94,1.75,59,82.40619244166359
12172,Female,Teacher,7.31,9.82,6.34,0.53,82,87.71135837342314
12173,Female,Healthcare Worker,10.13,3.8,7.25,2.82,85,85.70623842496096
12202,Female,Technician,7.19,7.52,8.49,0.79,90,87.14789482352043
12218,Male,Healthcare Worker,9.53,5.81,7.24,1.42,84,81.16852390771109
12221,Female,Scientist,7.21,6.49,9.22,1.08,89,81.20949318245067
12227,Male,Engineer,8.96,7.71,6.37,0.96,76,81.14278694004534
12236,Female,Engineer,7.89,7.32,6.71,2.08,83,88.90976898931615
12241,Male,Office Worker,7.38,5.65,8.08,2.88,100,84.67245866521444
12243,Female,Consultant,9.55,4.98,9.47,0.0,78,74.44305496417475
12244,Male,Freelancer,6.39,8.77,7.41,1.44,98,87.75844855453828
12250,Female,Retail Worker,7.09,9.38,5.87,1.66,91,89.28660158502555
12254,Female,Manual Laborer,10.8,4.0,7.86,1.34,82,80.09950536994523
12257,Male,Technician,7.56,6.66,9.12,0.67,75,73.99978583660642
12264,Male,Driver,9.18,6.26,7.27,1.3,77,80.65269142345714
12284,Male,Freelancer,10.71,3.71,6.86,2.73,68,82.20967901364766
12291,Male,Technician,7.74,6.78,8.53,0.96,95,79.53312512976184
12295,Male,Retail Worker,8.37,6.15,7.23,2.25,85,87.28787791235109
12297,Female,Driver,11.29,7.04,5.43,0.24,73,77.4645634902298
12302,Male,Consultant,7.41,8.01,6.35,2.23,96,83.75878341383812
12310,Female,Teacher,8.47,7.1,7.06,1.36,87,86.28610287244501
12314,Female,Healthcare Worker,10.43,2.05,9.51,2.01,60,77.54979417775262
12321,Male,Driver,8.74,3.31,9.44,2.51,85,75.78891240741214
12325,Female,Artist,9.75,7.31,6.94,0.0,83,84.1688657902694
12334,Male,Freelancer,7.38,10.36,6.26,0.0,82,82.6226642227271
12339,Female,Retail Worker,9.21,5.93,8.66,0.2,78,80.3051657735282
12360,Female,Teacher,7.83,7.24,7.51,1.42,89,86.72990988425714
12361,Female,Freelancer,9.97,2.9,8.13,3.0,94,84.5029175387303
12363,Female,Office Worker,9.15,6.84,5.37,2.63,76,85.40683836132662
12364,Male,Office Worker,8.49,5.32,8.58,1.61,82,82.22267230972598
12365,Male,Manager,10.3,6.72,6.72,0.26,69,76.78557855478194
12370,Male,Office Worker,9.49,7.0,7.51,0.0,75,78.8692689898707
12371,Female,Consultant,9.23,1.34,10.43,3.0,79,77.5888415888466
12392,Male,Manager,12.28,1.71,7.99,2.02,84,75.37211244740614
12395,Female,Manager,12.17,3.06,7.07,1.69,79,78.48561269198412
12400,Male,Scientist,7.65,7.57,6.41,2.37,80,84.10400553125683
12411,Female,Retail Worker,8.03,5.8,8.43,1.74,90,84.81395262426672
12419,Male,Manual Laborer,10.57,1.48,10.57,1.38,60,72.62304658080372
12431,Female,Teacher,6.01,8.27,9.72,0.0,89,80.72110286354408
12439,Male,Consultant,10.74,7.91,5.04,0.32,63,76.08654503685959
12447,Female,Retail Worker,8.9,5.15,7.12,2.83,84,86.63079250148822
12461,Female,Technician,7.98,6.97,7.56,1.5,94,86.92418260374654
12465,Male,Freelancer,7.94,9.55,4.43,2.09,86,85.04462495661569
12472,Female,Manager,10.78,5.66,5.98,1.58,76,84.98480673530725
12479,Male,Driver,11.6,2.13,7.28,3.0,95,78.86826129937386
12481,Male,Engineer,8.59,3.36,9.15,2.9,67,78.98245532099386
12486,Male,Manual Laborer,9.92,8.72,4.56,0.8,77,79.37874182813125
12493,Female,Office Worker,8.75,6.49,8.15,0.6,87,83.8424625158691
12497,Male,Healthcare Worker,11.95,5.87,6.18,0.0,71,74.16836069466873
12504,Female,Manager,12.61,1.06,7.88,2.44,73,79.17629257164099
12507,Female,Artist,8.97,5.59,6.93,2.51,82,83.96542203382667
12524,Male,Driver,9.38,1.84,9.99,2.78,84,76.13880652930156
12527,Male,Manager,8.22,9.3,5.97,0.51,81,83.86610501312973
12533,Female,Office Worker,8.45,9.88,5.67,0.0,86,84.78790550012307
12540,Female,Engineer,9.98,5.37,6.96,1.69,71,84.4640419002988
12541,Female,Entrepreneur,14.32,1.0,8.68,0.0,74,67.67046439638092
12547,Male,Manual Laborer,8.5,5.1,8.59,1.81,77,82.11175122938866
12548,Male,Manual Laborer,11.4,4.57,5.07,2.96,76,79.88427357781707
12555,Male,Manager,11.66,3.31,7.33,1.7,83,76.79889067300692
12559,Female,Teacher,6.56,7.18,9.11,1.15,94,83.7554932925389
12577,Male,Artist,7.21,9.62,5.0,2.18,86,87.31072708719442
12579,Female,Entrepreneur,13.82,1.0,6.97,2.21,85,75.13400351344751
12580,Male,Engineer,7.35,6.92,8.09,1.63,76,83.64400920013387
12588,Female,Driver,8.4,9.33,5.12,1.15,89,86.71109647776417
12589,Male,Healthcare Worker,9.31,8.17,5.36,1.16,77,79.44643163091008
12592,Female,Teacher,7.81,8.2,7.99,0.0,75,85.25184268588914
12601,Female,Consultant,7.8,5.81,8.17,2.22,81,85.65449654316612
12602,Female,Engineer,9.85,3.4,8.37,2.38,81,82.52824638123015
12605,Female,Healthcare Worker,9.75,3.64,8.41,2.19,84,80.58150601027
12609,Male,Consultant,6.87,8.56,6.49,2.08,86,85.6774315375274
12610,Female,Healthcare Worker,10.7,5.31,7.16,0.82,82,80.89741100753095
12611,Male,Consultant,7.32,5.57,8.76,2.36,76,82.47158927535222
12613,Male,Artist,4.45,12.71,6.83,0.0,77,84.86498378203059
12614,Female,Freelancer,7.1,8.4,7.3,1.2,84,87.01194766129895
12616,Male,Consultant,8.15,8.32,7.17,0.36,72,83.88786890045463
12619,Male,Freelancer,9.66,3.89,7.54,2.91,79,84.57272696279493
12623,Female,Office Worker,7.0,4.54,10.8,1.65,66,76.50235433361098
12628,Female,Teacher,8.73,5.25,9.56,0.47,81,77.60969535217856
12633,Male,Manager,11.49,2.79,8.68,1.04,81,72.01279016572684
12636,Male,Manual Laborer,8.16,4.67,8.16,3.0,89,84.31830267441845
12638,Male,Healthcare Worker,8.01,8.44,7.15,0.4,87,83.37764321373228
12649,Male,Manual Laborer,11.73,5.71,6.34,0.22,72,75.32135740792185
12652,Male,Office Worker,8.43,4.97,9.08,1.53,79,78.44516120527567
12659,Male,Driver,11.18,4.5,8.33,0.0,75,74.56576188556
12660,Male,Office Worker,9.59,5.48,6.96,1.98,85,83.24132633294708
12662,Male,Retail Worker,6.14,8.32,7.32,2.22,99,89.94480703434861
12689,Female,Retail Worker,9.15,7.6,5.53,1.72,74,85.43535183283645
12691,Female,Freelancer,5.53,7.09,10.26,1.13,85,80.01625714978117
12699,Female,Artist,7.0,11.3,5.7,0.0,93,86.01412857583716
12700,Female,Retail Worker,7.66,4.92,9.27,2.15,69,81.91104938751435
12701,Female,Office Worker,7.76,5.62,8.38,2.24,84,84.6724194568627
12706,Female,Technician,7.19,11.19,4.96,0.66,74,85.60050281917661
12709,Male,Manager,13.54,2.33,6.52,1.61,72,72.74755251010173
12724,Male,Freelancer,10.7,3.44,8.66,1.2,82,75.44075264339813
12726,Female,Manual Laborer,9.18,6.36,7.2,1.26,82,85.07912524484502
12734,Male,Driver,9.9,5.02,6.07,3.0,80,82.22396858837378
12735,Male,Office Worker,7.4,9.79,6.39,0.42,68,83.31748978552224
12742,Female,Teacher,8.74,4.95,7.31,3.0,77,88.73548111945075
12754,Female,Engineer,7.66,4.61,10.94,0.79,78,74.78596119645218
12763,Male,Retail Worker,9.63,7.13,4.66,2.58,73,82.57597795809177
12764,Female,Scientist,7.57,6.92,6.56,2.94,87,91.6616968971661
12765,Female,Healthcare Worker,9.28,2.85,11.46,0.41,61,74.69205954629724
12771,Female,Engineer,7.17,7.13,6.71,2.99,88,91.27800007072646
12774,Female,Artist,8.51,5.47,7.99,2.03,94,86.62573186254127
12782,Female,Manual Laborer,11.98,1.0,8.65,2.38,76,77.10309325029867
12788,Female,Freelancer,5.72,10.31,6.94,1.03,100,89.89918524018128
12793,Male,Scientist,7.71,7.23,7.13,1.93,76,82.61643483354794
12796,Male,Healthcare Worker,8.32,7.38,7.55,0.75,76,83.30847923057995
12797,Male,Teacher,7.49,9.32,6.65,0.54,76,84.22226316044753
12815,Female,Technician,8.48,7.92,7.6,0.0,74,86.44935432164813
12821,Female,Artist,4.68,9.78,7.88,1.66,91,91.0543553095186
12823,Male,Entrepreneur,11.99,4.83,6.88,0.3,74,73.32082181117123
12824,Male,Manager,11.81,2.91,9.2,0.08,82,70.76004128758969
12827,Male,Teacher,6.85,8.07,7.52,1.56,85,85.70727028889469
12828,Female,Manager,11.23,2.3,8.16,2.31,83,78.09350523017075
12830,Male,Technician,9.97,5.77,6.12,2.14,63,81.45711236008414
12834,Male,Retail Worker,8.01,6.26,6.73,3.0,85,85.64484442804066
12841,Male,Scientist,10.6,4.66,6.36,2.38,77,83.98595712102059
12847,Male,Office Worker,9.51,2.01,9.66,2.82,65,78.25570259450032
12848,Male,Freelancer,8.96,3.92,9.3,1.82,86,77.64166497403932
12854,Male,Manager,11.78,3.3,6.68,2.24,88,75.21989602704582
12855,Female,Driver,9.1,5.44,8.44,1.03,83,80.4809691243702
12858,Male,Manager,13.02,1.0,8.22,1.75,63,73.40463010279974
12863,Female,Engineer,7.63,3.65,10.48,2.24,84,75.45810809187786
12869,Male,Consultant,7.8,9.36,6.39,0.45,83,83.40217251552656
12870,Male,Manual Laborer,9.81,5.51,7.88,0.8,75,80.7985533948598
12872,Female,Manager,12.92,5.35,5.63,0.1,80,75.29902683327275
12873,Male,Technician,8.93,6.1,6.6,2.38,85,84.44498997990604
12877,Male,Manager,12.33,1.56,8.34,1.77,70,74.84976947115103
12879,Female,Freelancer,11.48,5.58,6.59,0.34,90,78.27141559387732
12880,Female,Healthcare Worker,11.72,3.85,7.52,0.91,72,76.19318094355535
12889,Male,Scientist,10.27,2.03,10.42,1.27,75,72.85022148118217
12892,Female,Scientist,8.57,5.34,7.56,2.53,82,88.87443659944945
12893,Male,Scientist,10.21,6.36,7.09,0.35,75,77.00131401458158
12897,Male,Manual Laborer,10.9,6.41,6.69,0.0,86,75.44104121823821
12900,Female,Retail Worker,7.91,4.35,9.62,2.12,74,78.64481063109558
12904,Female,Manual Laborer,8.36,5.17,9.87,0.6,79,77.56586970166562
12905,Female,Manager,10.36,3.14,7.5,3.0,96,82.7409009773509
12910,Female,Healthcare Worker,8.21,6.94,6.74,2.11,89,87.28964994408236
12925,Female,Entrepreneur,12.56,5.97,5.43,0.04,79,76.57364506783632
12929,Male,Engineer,8.23,7.6,8.0,0.17,89,80.99533601186963
12934,Male,Manager,9.69,4.54,8.73,1.04,72,74.26786583272761
12937,Female,Manager,13.32,1.0,7.17,2.51,78,76.92102978511365
12940,Male,Manual Laborer,8.45,6.63,8.19,0.74,80,81.79793198687047
12942,Male,Freelancer,5.76,9.41,7.3,1.52,76,88.3033617363947
12949,Male,Teacher,6.21,6.62,8.17,3.0,83,89.13634360045813
12954,Female,Scientist,10.83,4.41,6.79,1.98,80,80.48797306045371
12973,Male,Manager,9.52,6.1,6.87,1.51,71,81.60858341187048
12978,Male,Freelancer,11.79,4.13,6.95,1.12,86,76.05786154462673
12990,Male,Office Worker,7.18,7.87,6.49,2.46,75,84.81261296545935
13000,Male,Retail Worker,9.34,6.46,6.7,1.5,72,82.25450353942641
13001,Male,Scientist,10.93,4.67,7.88,0.52,84,78.9953236490286
13009,Female,Engineer,8.51,6.48,6.76,2.26,87,88.30155002173792
13012,Male,Consultant,11.02,5.36,7.62,0.0,75,78.54069248444148
13024,Male,Scientist,9.19,6.04,6.13,2.65,92,83.36712080759833
13029,Female,Teacher,6.22,7.11,7.81,2.86,91,91.44708486771763
13031,Female,Freelancer,9.3,8.17,5.82,0.71,82,82.58288554968225
13033,Male,Manager,12.14,3.25,7.98,0.63,88,72.35605661402744
13049,Female,Retail Worker,9.79,3.09,8.15,2.98,74,84.35430534224693
13055,Male,Scientist,8.04,6.33,9.4,0.23,73,75.93508683204159
13060,Male,Entrepreneur,14.36,1.0,6.24,2.4,72,70.81907633032407
13062,Male,Driver,9.16,5.89,6.63,2.31,95,82.65573946004959
13080,Male,Scientist,10.31,5.8,6.75,1.14,87,77.25127195904311
13089,Male,Freelancer,5.78,11.04,7.18,0.0,78,84.61278187712432
13093,Male,Freelancer,6.35,8.67,6.77,2.21,91,86.37340822395961
13094,Male,Consultant,9.39,5.08,6.76,2.77,84,85.27213003601051
13096,Male,Manager,8.29,6.26,7.79,1.66,81,84.5315121260493
13104,Female,Consultant,9.17,2.94,9.06,2.83,77,82.3102962069362
13108,Female,Retail Worker,8.16,5.38,8.22,2.23,84,86.36355025073209
13115,Male,Retail Worker,8.26,5.72,10.0,0.02,78,74.48837039030528
13118,Male,Driver,8.65,6.2,8.8,0.35,78,75.88016154884308
13120,Male,Artist,4.24,10.63,7.76,1.37,83,86.34156928134162
13121,Male,Office Worker,7.77,8.79,6.58,0.86,95,82.89127903452354
13131,Male,Engineer,9.16,4.16,8.44,2.25,78,81.88562335351989
13141,Male,Retail Worker,9.33,4.02,8.61,2.04,78,79.46073307418065
13153,Male,Technician,7.81,7.67,7.49,1.03,87,82.00379052095019
13159,Female,Teacher,6.92,7.3,7.35,2.43,99,89.38443251217204
13162,Female,Manual Laborer,9.57,7.82,6.02,0.58,84,83.9246713424639
13183,Female,Artist,4.07,11.65,5.52,2.75,99,90.6031336945558
13186,Female,Scientist,7.77,10.02,6.21,0.0,75,86.26172834009999
13196,Female,Artist,7.01,4.65,9.34,3.0,83,81.85450442756401
13200,Female,Scientist,7.17,10.32,4.84,1.67,98,88.23589601145737
13207,Male,Retail Worker,6.68,6.86,7.92,2.54,86,88.63676351260806
13209,Female,Office Worker,8.75,7.44,7.81,0.0,74,84.3396102790923
13212,Male,Office Worker,8.88,6.33,7.6,1.19,91,82.53815563925123
13217,Male,Driver,10.67,1.0,9.38,2.95,74,75.30604784310565
13221,Male,Entrepreneur,11.47,3.37,6.65,2.51,68,77.4111683935375
13223,Male,Manager,12.29,1.0,7.71,3.0,83,78.9342088345155
13225,Male,Scientist,10.53,5.8,6.57,1.1,84,75.73448605749248
13231,Male,Freelancer,6.98,4.8,9.55,2.67,86,80.50751224487045
13237,Male,Driver,8.83,8.31,5.77,1.09,84,81.34051026327818
13239,Male,Scientist,9.22,7.45,6.96,0.37,73,80.75291048043714
13244,Female,Office Worker,7.89,9.99,6.05,0.07,81,85.66269916853118
13245,Female,Manager,9.95,6.2,6.42,1.43,96,85.16481800930428
13246,Female,Entrepreneur,11.89,4.43,5.91,1.78,84,77.69695988120651
13250,Female,Freelancer,8.68,5.54,7.33,2.45,91,86.80190055089166
13276,Female,Healthcare Worker,9.94,6.8,5.44,1.81,80,84.9596811192902
13277,Male,Freelancer,8.56,5.04,9.24,1.16,89,75.86468785566124
13280,Male,Scientist,9.24,4.54,8.27,1.95,79,80.84374995591511
13286,Male,Manager,10.54,8.4,5.06,0.0,65,77.73161129570292
13291,Female,Office Worker,9.95,4.7,9.23,0.12,76,74.7484837044876
13298,Female,Healthcare Worker,8.85,7.58,5.88,1.68,95,84.01617001259106
13308,Female,Artist,6.65,10.1,7.25,0.0,79,86.55352109936166
13311,Female,Healthcare Worker,9.47,2.79,9.99,1.75,66,77.46420155910643
13313,Female,Artist,6.22,9.54,8.03,0.2,86,86.94115886560083
13314,Male,Scientist,9.69,6.03,7.75,0.53,73,78.43979408794014
13322,Male,Technician,9.9,3.41,8.81,1.89,80,78.17868525921402
13331,Female,Manager,9.47,8.42,5.34,0.77,80,83.33227294466529
13332,Male,Scientist,8.17,7.68,7.0,1.15,75,83.36370901470414
13333,Male,Office Worker,9.31,2.6,9.09,3.0,79,80.42875337006555
13335,Female,Retail Worker,8.59,7.58,7.26,0.57,91,84.79190527146994
13336,Male,Office Worker,7.6,8.94,5.5,1.96,98,84.59713463011593
13345,Male,Retail Worker,9.87,6.34,7.41,0.39,81,81.49582792891077
13348,Female,Driver,9.69,8.39,5.22,0.71,82,82.13590086790313
13360,Female,Engineer,9.53,6.72,7.75,0.0,100,85.1946113231224
13367,Female,Manager,10.88,1.92,9.27,1.93,72,76.82978247668694
13376,Female,Teacher,6.58,10.66,5.03,1.72,88,90.66218854363017
13380,Female,Engineer,9.03,5.51,8.84,0.61,82,79.78994211930741
13392,Male,Office Worker,9.51,4.85,8.82,0.82,75,76.60255294145563
13396,Female,Engineer,7.54,8.77,4.91,2.78,89,88.75494530685613
13397,Male,Artist,8.59,7.94,7.29,0.17,100,83.11376768217
13399,Male,Artist,5.02,8.33,7.85,2.81,82,87.77640967215724
13406,Female,Technician,8.98,6.79,6.77,1.47,86,87.27277822953445
13408,Female,Artist,7.86,6.22,8.94,0.98,78,79.70522242640041
13418,Male,Office Worker,7.73,9.47,5.93,0.87,93,83.56397763341181
13420,Female,Consultant,9.33,7.9,5.6,1.17,83,82.55981735913058
13424,Male,Teacher,7.67,6.0,8.27,2.06,94,85.4563847972222
13432,Female,Consultant,6.42,9.95,7.25,0.38,95,87.0109283789973
13441,Male,Freelancer,9.36,5.07,9.56,0.0,60,73.48060227484616
13442,Female,Consultant,6.56,9.67,5.79,1.98,96,88.09253979100285
13452,Female,Teacher,6.65,8.35,7.2,1.8,97,89.48894681705438
13471,Male,Driver,9.39,7.26,5.16,2.19,84,82.88008756671013
13474,Male,Artist,9.77,7.41,6.82,0.0,79,79.18066172803297
13477,Male,Teacher,7.16,7.44,7.32,2.08,79,85.82932816934098
13491,Male,Manager,11.96,2.58,7.16,2.3,80,75.91686723420547
13493,Female,Freelancer,10.94,4.4,7.27,1.39,86,82.1432859144556
13499,Male,Retail Worker,8.78,8.04,4.46,2.72,75,83.62533196053903
13504,Male,Manager,13.44,1.66,8.9,0.0,59,70.34105792704766
13513,Male,Healthcare Worker,9.15,6.25,6.78,1.82,84,82.06405031577529
13516,Male,Manager,13.97,4.09,5.6,0.34,73,70.77864952410359
13518,Female,Teacher,6.18,6.93,8.61,2.28,82,87.95034949084547
13521,Female,Artist,8.19,5.14,9.6,1.07,82,78.93964810356951
13522,Female,Healthcare Worker,11.85,2.51,9.48,0.16,71,72.24955360343436
13525,Male,Technician,9.83,3.85,7.86,2.47,78,83.92035765849296
13541,Male,Healthcare Worker,8.44,8.17,5.72,1.67,72,82.63121050078125
13544,Male,Driver,8.81,6.7,7.36,1.13,80,81.035933015617
13547,Female,Technician,8.02,4.19,9.66,2.13,97,80.23664337783067
13548,Male,Engineer,9.85,1.8,10.03,2.31,65,71.87795111704978
13556,Male,Healthcare Worker,9.04,5.29,8.57,1.1,85,80.68817572657117
13567,Female,Manager,8.65,6.85,6.75,1.75,89,86.65662786946949
13568,Female,Technician,7.78,7.95,8.04,0.24,78,84.83872002257567
13570,Male,Scientist,10.45,6.07,6.84,0.63,87,76.1068117095929
13572,Female,Office Worker,7.26,10.22,5.85,0.67,95,86.93752514931555
13578,Male,Teacher,7.23,4.45,11.11,1.21,73,75.40656179674578
13581,Male,Office Worker,8.31,8.04,6.92,0.73,90,83.68125198246393
13582,Female,Driver,11.53,3.78,6.02,2.67,81,81.17534529705259
13590,Female,Scientist,10.34,2.32,9.27,2.07,80,76.86674716294384
13591,Male,Office Worker,8.71,7.03,6.12,2.14,82,84.8631155264633
13601,Female,Technician,7.39,8.42,7.92,0.28,91,86.17065071350419
13612,Male,Manager,10.83,7.61,4.23,1.33,78,74.9068323787063
13619,Female,Office Worker,8.74,5.76,8.18,1.32,84,86.23274330467139
13621,Male,Healthcare Worker,9.35,5.1,8.84,0.7,70,74.48554766565732
13625,Female,Engineer,9.22,3.68,9.29,1.81,70,78.53423154212966
13626,Male,Consultant,9.92,4.38,9.22,0.48,75,73.15027256194722
13631,Female,Healthcare Worker,11.95,4.67,5.22,2.17,76,80.35539059418302
13633,Female,Driver,10.16,2.77,9.93,1.15,71,75.88686884370115
13634,Male,Consultant,9.08,5.96,7.17,1.79,76,83.70164570641879
13643,Female,Artist,9.7,5.25,8.72,0.33,94,79.64138180406349
13653,Female,Office Worker,7.21,7.73,8.27,0.79,78,84.40863528613707
13656,Male,Teacher,8.77,6.09,8.75,0.4,72,80.0814292006495
13659,Male,Driver,11.05,5.43,6.78,0.74,87,78.12305524893395
13661,Male,Freelancer,7.13,11.17,4.02,1.68,73,85.84258387219813
13664,Female,Consultant,8.23,8.11,6.23,1.43,89,87.08332450905729
13665,Male,Driver,10.98,3.18,7.17,2.67,89,78.67535084026295
13671,Female,Healthcare Worker,9.72,3.2,8.23,2.85,76,81.5887396355903
13677,Female,Technician,8.76,7.86,5.72,1.65,98,85.07555805144888
13681,Female,Healthcare Worker,10.82,3.72,7.45,2.02,92,82.20389375486491
13684,Female,Healthcare Worker,9.23,6.99,4.93,2.85,92,86.4416184542582
13690,Female,Retail Worker,7.55,5.85,8.76,1.83,68,85.03568508107405
13694,Female,Driver,11.92,1.0,8.42,2.66,80,80.50418772554886
13695,Male,Technician,8.09,10.15,5.76,0.0,67,81.0297484139458
13698,Male,Consultant,10.62,4.53,6.33,2.53,92,83.76465670135764
13702,Female,Artist,8.92,8.29,4.88,1.91,77,85.41742358037352
13706,Male,Artist,9.83,6.6,5.76,1.81,95,82.36030166404097
13710,Female,Driver,9.2,6.06,8.43,0.31,76,80.3183509960913
13718,Male,Office Worker,9.47,4.53,8.55,1.45,65,79.9919769503626
13725,Female,Artist,8.2,8.53,6.42,0.85,89,87.351795728555
13752,Male,Driver,10.31,8.46,5.22,0.0,75,78.37471119797264
13754,Female,Entrepreneur,12.21,3.17,8.44,0.19,70,73.59171873215413
13774,Female,Teacher,8.83,3.65,8.76,2.75,66,84.89927073653051
13775,Male,Entrepreneur,14.24,2.4,5.77,1.6,68,71.12466386228891
13776,Female,Technician,9.44,3.53,8.51,2.52,82,82.51046587766484
13786,Male,Teacher,6.04,10.4,5.61,1.95,79,85.88886110920383
13792,Male,Technician,9.42,6.32,6.69,1.56,83,81.86442267386145
13796,Male,Engineer,7.21,4.94,8.84,3.0,86,83.04178218017483
13807,Male,Scientist,10.16,6.48,5.94,1.42,84,78.23703274116562
13809,Male,Engineer,7.43,7.92,7.74,0.91,100,81.30986598235047
13813,Male,Teacher,8.09,6.22,8.06,1.64,67,84.38229179906817
13816,Female,Teacher,6.93,7.66,9.12,0.28,91,81.109491387339
13817,Female,Scientist,9.4,8.02,5.53,1.06,87,82.40509094794108
13823,Female,Consultant,7.54,10.47,5.43,0.56,76,86.50996418720864
13834,Female,Entrepreneur,11.35,6.39,6.05,0.21,76,80.78560205363873
13844,Female,Driver,9.7,5.57,7.48,1.26,80,84.51052118307949
13856,Female,Entrepreneur,14.11,2.0,7.35,0.54,60,72.03082577602106
13857,Female,Entrepreneur,10.26,2.11,9.9,1.73,65,75.73560255804941
13868,Male,Engineer,8.77,4.88,8.23,2.12,73,82.26072735462724
13873,Male,Office Worker,9.93,6.16,7.03,0.88,77,82.0013155255074
13878,Male,Retail Worker,7.75,7.43,5.84,2.98,99,86.09788776708477
13880,Female,Driver,8.17,8.21,6.95,0.67,88,86.22840948506229
13884,Male,Retail Worker,9.28,6.08,7.5,1.14,89,81.30798579624391
13886,Male,Entrepreneur,10.08,6.06,6.28,1.58,77,79.37524633293663
13888,Male,Consultant,6.31,9.19,8.14,0.36,84,84.6574346137453
13905,Female,Retail Worker,9.79,3.57,7.64,3.0,79,86.68239196370892
13910,Male,Retail Worker,8.8,4.62,8.79,1.79,69,77.85097454953373
13921,Male,Retail Worker,6.77,10.73,4.72,1.78,81,85.06404293083725
13924,Female,Retail Worker,7.6,8.49,7.62,0.3,84,85.70107668425685
13928,Female,Office Worker,8.12,6.85,6.48,2.55,78,89.49493918360969
13938,Female,Teacher,8.48,9.62,4.84,1.06,100,86.62268600479995
13941,Male,Manual Laborer,11.29,1.93,9.22,1.56,73,74.08689421269541
13948,Female,Consultant,8.57,6.28,7.07,2.09,77,86.60783560187791
13951,Female,Artist,5.17,6.81,10.02,1.99,80,82.69819729046456
13956,Female,Manager,9.55,4.91,7.54,2.0,77,84.74494479112639
13959,Male,Retail Worker,7.62,6.18,9.58,0.62,68,77.2611855840583
13966,Male,Teacher,8.88,3.96,9.94,1.22,73,76.48974251253418
13968,Female,Teacher,7.27,11.0,4.25,1.48,92,89.98786841242023
13981,Male,Artist,6.83,7.98,8.15,1.04,71,83.55858164325406
13983,Female,Scientist,9.84,5.61,7.58,0.97,76,84.65828396120402
13984,Female,Freelancer,9.95,3.32,7.73,3.0,92,86.43612884255553
13991,Female,Entrepreneur,10.31,6.77,4.09,2.83,81,83.6173920563535
14000,Female,Freelancer,7.53,6.27,7.81,2.4,92,89.73036953812904
14009,Female,Scientist,7.59,7.45,8.96,0.0,77,80.13123750188628
14011,Male,Technician,8.84,4.97,7.32,2.86,86,84.50382571846013
14021,Female,Healthcare Worker,10.13,4.98,5.89,3.0,84,86.29507023282876
14025,Female,Office Worker,9.84,5.18,8.69,0.29,93,79.94523919040614
14029,Female,Retail Worker,7.84,10.21,4.45,1.5,92,87.64965452256229
14045,Male,Teacher,8.47,9.01,5.83,0.69,71,83.04729003384313
14049,Female,Scientist,10.75,7.22,6.03,0.0,83,79.8553823624613
14055,Male,Artist,5.8,10.09,6.77,1.34,94,86.44502875781409
14056,Female,Driver,9.79,6.5,6.56,1.15,82,81.92706174619747
14062,Female,Driver,10.84,2.95,7.91,2.31,81,79.97379490617564
14078,Female,Teacher,6.38,7.93,8.27,1.41,92,86.90032472960127
14081,Male,Manual Laborer,11.18,2.27,8.24,2.3,95,75.8135840094155
14083,Female,Engineer,7.51,6.71,8.15,1.63,91,86.18764031906032
14089,Male,Manual Laborer,11.96,5.69,5.9,0.46,74,74.24719602419859
14090,Male,Office Worker,9.17,6.84,6.69,1.29,83,82.23895493396638
14094,Male,Retail Worker,6.73,7.07,7.73,2.47,97,88.79746352907853
14101,Female,Manager,13.39,1.89,7.37,1.35,76,75.56257312347455
14105,Male,Freelancer,9.59,6.04,7.67,0.71,82,78.01396867496858
14114,Male,Entrepreneur,14.38,1.74,7.61,0.28,60,68.49197723782216
14115,Female,Office Worker,9.46,5.72,6.35,2.47,77,84.85273203488701
14116,Female,Technician,9.58,6.35,7.87,0.2,87,85.14636555880084
14121,Male,Engineer,7.82,7.31,8.44,0.42,81,79.61740400401519
14122,Male,Office Worker,9.48,2.09,9.44,3.0,78,78.42539104945021
14140,Male,Entrepreneur,11.5,6.42,4.5,1.57,80,74.01371111453567
14142,Female,Consultant,10.86,3.12,7.02,3.0,84,84.4219490894331
14143,Male,Entrepreneur,13.3,1.0,6.8,2.9,82,71.61950549126958
14144,Male,Retail Worker,6.98,11.54,5.32,0.16,64,83.06073969339566
14151,Female,Healthcare Worker,9.15,9.05,5.8,0.0,78,82.56312370928372
14158,Male,Driver,8.74,6.97,6.52,1.77,86,81.73149622789099
14165,Female,Office Worker,9.85,2.29,9.93,1.92,66,77.04736490714046
14173,Female,Driver,8.69,8.25,4.06,3.0,90,85.68322031893047
14185,Male,Entrepreneur,13.98,1.0,6.78,2.25,59,71.061410278269
14186,Female,Office Worker,7.29,3.28,11.35,2.08,75,76.52847326155924
14189,Female,Scientist,8.35,5.63,7.02,3.0,90,88.89962276724094
14205,Female,Artist,5.49,8.05,8.24,2.22,89,89.05301971339091
14215,Female,Freelancer,9.92,4.65,8.85,0.58,79,77.2105776385861
14232,Male,Scientist,8.83,4.98,9.19,1.0,72,75.328908776529
14234,Male,Technician,7.64,5.71,7.65,3.0,67,87.55467443988931
14237,Male,Consultant,7.68,7.75,5.91,2.66,84,84.85136585115166
14245,Male,Teacher,7.39,8.11,6.97,1.53,74,84.08011251244814
14247,Female,Teacher,6.92,8.38,6.48,2.21,85,88.77253049824931
14250,Female,Technician,8.94,4.98,9.88,0.19,67,78.34237328790381
14257,Male,Manual Laborer,10.66,5.42,5.49,2.43,71,81.44618939338446
14266,Female,Entrepreneur,14.06,5.37,4.19,0.37,67,74.84977760628949
14272,Male,Retail Worker,9.41,5.43,7.66,1.49,76,81.84351550216067
14273,Female,Engineer,9.33,4.87,7.23,2.57,93,84.77698332426469
14282,Female,Teacher,7.21,7.24,9.36,0.19,85,82.42147220123259
14285,Female,Healthcare Worker,9.94,4.88,9.18,0.0,70,74.6136268049419
14286,Female,Scientist,8.34,7.7,6.95,1.01,91,87.80261884455858
14287,Female,Manual Laborer,8.07,6.74,7.57,1.62,89,88.23019213139652
14307,Male,Technician,7.52,7.18,8.24,1.07,75,80.2697130299171
14316,Female,Consultant,6.88,7.95,7.81,1.36,96,87.45190095264779
14318,Female,Consultant,10.5,6.42,6.75,0.34,84,78.34676712432591
14319,Male,Manual Laborer,8.57,8.11,6.1,1.22,84,83.17054378404633
14323,Male,Engineer,7.12,5.15,8.73,3.0,80,85.40748631062314
14329,Female,Artist,7.28,7.09,8.2,1.42,92,87.05495478093468
14342,Female,Office Worker,7.12,6.48,7.79,2.62,99,90.01647663018981
14343,Male,Consultant,6.96,6.97,7.07,3.0,81,88.4918669462182
14344,Male,Manager,9.26,5.0,7.11,2.63,91,83.59848234056733
14360,Male,Manual Laborer,10.34,4.53,6.66,2.48,92,81.52319926695871
14361,Female,Artist,4.4,10.21,8.1,1.3,88,90.60161783941209
14364,Male,Manual Laborer,10.29,2.29,9.06,2.36,61,76.11878520371391
14367,Male,Driver,9.24,4.62,7.41,2.73,64,83.0552327377101
14375,Female,Manual Laborer,11.27,5.32,6.37,1.04,71,78.30299553494453
14378,Female,Retail Worker,8.04,7.34,8.08,0.54,78,85.92082871056152
14387,Female,Scientist,7.93,7.82,7.73,0.52,81,89.22822066499012
14390,Male,Manual Laborer,10.51,5.4,7.52,0.58,86,78.4873830634101
14396,Female,Teacher,8.34,4.55,9.05,2.06,79,81.75236166449282
14401,Male,Driver,10.61,4.11,7.31,1.97,79,80.70546219538683
14402,Female,Retail Worker,6.92,10.23,5.58,1.27,87,88.85940523143951
14404,Female,Teacher,7.58,11.25,3.81,1.37,85,89.72604110955683
14406,Female,Driver,11.05,3.72,7.13,2.1,95,81.84372211832796
14410,Male,Driver,9.79,5.22,6.37,2.62,81,81.820124340356
14411,Female,Artist,5.28,10.68,7.08,0.97,75,91.34247187663087
14415,Female,Healthcare Worker,8.19,6.12,7.35,2.34,78,86.36270358448557
14420,Female,Technician,8.13,7.95,7.43,0.49,91,86.36233445305847
14424,Male,Manual Laborer,11.06,4.54,8.39,0.0,72,73.5293762952439
14445,Male,Consultant,7.22,5.62,10.8,0.37,70,73.10879976377574
14447,Female,Artist,6.16,8.05,8.43,1.36,88,88.6025218406662
14454,Male,Manual Laborer,11.95,3.14,7.43,1.48,77,77.31750469797905
14462,Female,Driver,8.18,5.3,9.37,1.15,77,79.07409555766446
14463,Female,Entrepreneur,14.37,2.54,5.64,1.45,79,76.4531855790814
14464,Male,Driver,10.08,5.46,6.08,2.38,81,80.0512229564375
14465,Female,Entrepreneur,14.0,3.11,4.33,2.56,75,76.7205350672929
14466,Male,Scientist,9.43,4.88,8.71,0.98,77,75.80436619848058
14473,Male,Consultant,11.95,4.78,7.07,0.2,79,74.01790332634295
14483,Male,Manager,8.09,8.96,5.05,1.9,92,82.81921537791226
14495,Male,Technician,8.34,6.5,9.02,0.14,79,73.72591008448053
14497,Male,Consultant,10.8,5.36,5.48,2.36,88,80.94906633881763
14499,Male,Retail Worker,9.6,4.98,7.16,2.27,94,84.22779217252967
14503,Female,Retail Worker,9.82,9.11,4.64,0.43,71,81.14481130548418
14506,Male,Engineer,9.33,3.57,8.6,2.51,81,80.74581979845648
14508,Female,Engineer,7.7,4.87,8.43,3.0,82,86.28735701705227
14511,Female,Driver,10.6,6.03,7.12,0.25,64,78.93297974793666
14512,Female,Technician,8.41,8.91,6.68,0.0,90,86.85639689374892
14516,Male,Technician,9.25,8.73,5.73,0.3,69,78.85911669268394
14517,Male,Scientist,8.33,8.62,5.47,1.58,74,84.06271225136845
14524,Male,Office Worker,8.41,7.38,6.23,1.98,88,85.11995444179337
14527,Male,Scientist,8.78,2.28,10.41,2.53,75,73.26121388131077
14529,Female,Consultant,10.65,1.0,9.63,2.72,68,77.10471685338237
14533,Male,Retail Worker,6.94,8.26,6.8,2.01,83,86.87802144612888
14549,Female,Manual Laborer,11.56,3.46,7.98,1.0,76,76.63892395900757
14553,Male,Healthcare Worker,8.75,5.42,9.83,0.0,63,75.19960632977141
14560,Male,Technician,7.31,6.03,7.94,2.71,84,86.6084863316257
14561,Male,Driver,10.28,7.1,5.2,1.41,87,76.48254028761987
14564,Male,Scientist,8.69,5.86,8.33,1.12,76,81.30690739200914
14568,Male,Teacher,6.82,8.67,7.49,1.02,82,85.11376525569337
14570,Female,Scientist,7.67,7.62,6.33,2.37,94,90.2490629343564
14578,Female,Retail Worker,9.99,5.11,7.96,0.94,88,84.53516103591808
14582,Male,Consultant,7.72,7.42,7.84,1.02,91,81.70236555489026
14589,Female,Engineer,7.33,10.59,4.84,1.24,90,87.58609315903682
14594,Male,Driver,9.43,5.27,7.79,1.51,77,80.09199594037389
14595,Female,Manager,8.15,4.5,9.96,1.39,84,76.54095254904792
14597,Female,Consultant,11.83,2.53,9.1,0.54,63,72.16068997001258
14601,Female,Technician,9.92,3.61,8.61,1.86,89,79.88877872934579
14613,Female,Teacher,7.97,4.35,8.97,2.71,80,83.23928591927131
14616,Female,Manual Laborer,8.37,6.39,6.97,2.26,98,89.15879333953905
14617,Female,Technician,8.2,7.9,6.6,1.29,96,86.06937490328404
14619,Female,Office Worker,7.92,8.89,7.19,0.0,88,83.86168736452692
14621,Male,Driver,9.05,3.39,8.57,3.0,90,80.56269723499396
14627,Male,Entrepreneur,12.83,2.73,8.32,0.12,74,69.37053047204263
14633,Female,Manual Laborer,9.35,3.4,8.33,2.92,85,85.82476086689029
14641,Male,Healthcare Worker,8.01,10.22,5.53,0.24,78,83.25277079483207
14648,Male,Manager,13.76,3.83,5.72,0.69,62,71.12528004825566
14650,Female,Driver,11.05,4.41,8.54,0.0,71,76.1799599704928
14654,Female,Engineer,8.5,4.97,8.79,1.73,85,81.44546155723782
14655,Male,Driver,11.19,3.76,9.04,0.0,61,73.13589938489012
14666,Female,Manager,11.31,3.27,7.47,1.94,85,80.20645266438602
14667,Female,Teacher,6.39,8.21,7.63,1.77,86,89.29418071754704
14669,Female,Retail Worker,9.08,5.95,6.33,2.64,100,86.05560800525213
14672,Female,Driver,11.98,4.09,7.49,0.43,80,76.4464891565795
14680,Male,Engineer,7.55,6.85,7.44,2.16,100,87.39045849823296
14685,Male,Manual Laborer,9.11,6.47,7.25,1.18,84,82.11850503845491
14686,Female,Scientist,9.05,7.35,6.5,1.1,81,82.29241828875742
14689,Male,Entrepreneur,12.25,1.58,9.37,0.79,70,69.79973731680859
14699,Female,Consultant,10.65,3.57,8.7,1.09,93,74.82268878471875
14706,Male,Teacher,6.27,8.49,8.36,0.89,75,84.73311061133555
14712,Male,Consultant,7.27,8.62,7.06,1.04,79,83.05999819762229
14718,Female,Driver,9.0,6.28,7.39,1.34,95,85.5509996838087
14719,Male,Consultant,8.95,9.15,5.45,0.45,70,81.37487353597652
14722,Male,Retail Worker,6.87,8.92,7.02,1.18,82,87.02564442376448
14723,Female,Engineer,8.79,8.47,6.11,0.63,86,84.92276123774776
14728,Male,Driver,10.42,6.07,6.63,0.88,80,77.57258821758033
14732,Male,Driver,8.6,5.93,6.47,3.0,89,83.75234768352566
14733,Male,Freelancer,7.34,7.06,8.56,1.04,59,80.83922461158002
14734,Male,Scientist,8.47,7.33,7.59,0.62,93,82.02744974060265
14741,Male,Retail Worker,9.17,7.7,5.18,1.95,77,83.1496958381388
14742,Female,Manager,9.58,5.96,7.4,1.06,81,84.13122093642494
14744,Female,Manager,8.21,5.41,7.69,2.69,98,89.16908082613526
14747,Male,Healthcare Worker,11.58,2.96,7.47,1.99,81,79.03020124911109
14755,Female,Consultant,7.97,3.14,9.89,3.0,85,81.65888959558627
14757,Male,Freelancer,5.73,10.67,4.87,2.73,99,88.65048047518334
14759,Female,Freelancer,7.21,7.54,8.19,1.06,78,85.12699263238854
14771,Male,Engineer,8.73,5.86,6.4,3.0,68,85.94747546315824
14774,Female,Artist,9.71,1.68,9.61,3.0,86,77.99808326783157
14775,Female,Freelancer,11.74,3.04,9.06,0.16,72,71.75488082722951
14780,Male,Scientist,7.58,7.82,6.63,1.98,79,83.27258997766553
14785,Male,Office Worker,9.33,3.63,8.31,2.73,87,82.42435317520025
14787,Male,Retail Worker,7.93,5.2,9.26,1.62,75,77.978543356492
14806,Male,Manual Laborer,8.59,3.07,9.34,3.0,81,79.60546054155785
14813,Male,Consultant,11.48,5.31,6.74,0.47,83,77.26235344265558
14817,Male,Manager,10.15,3.55,7.3,3.0,80,83.14730822861164
14824,Female,Engineer,8.19,6.77,7.11,1.93,100,87.89648152657797
14832,Female,Healthcare Worker,8.56,8.6,6.11,0.73,82,84.99392261709559
14837,Female,Technician,9.49,4.19,7.78,2.54,80,86.2477752221861
14840,Male,Office Worker,9.13,5.59,7.68,1.59,86,82.10953545237791
14841,Male,Office Worker,8.43,8.69,6.76,0.12,80,81.66992481864749
14848,Male,Technician,8.1,5.97,8.36,1.56,89,81.87490898346029
14849,Male,Manual Laborer,8.15,7.84,6.65,1.36,80,84.77564206471095
14862,Male,Artist,7.87,6.94,7.7,1.49,85,82.81934725748279
14878,Male,Healthcare Worker,11.07,5.63,6.72,0.58,76,74.95986703002013
14884,Male,Manager,8.66,6.09,8.38,0.88,77,80.27180463383739
14888,Female,Scientist,9.27,4.3,8.25,2.18,78,84.50958878560104
14896,Female,Artist,6.81,8.16,7.95,1.08,94,87.29037384716308
14901,Male,Artist,6.52,7.95,8.25,1.28,99,84.89615752917639
14903,Male,Engineer,8.25,6.12,8.09,1.53,60,84.53857196612338
14904,Male,Scientist,7.64,9.44,5.36,1.56,73,84.37602480077543
14922,Male,Artist,5.18,11.21,6.87,0.74,90,85.2210147110961
14930,Male,Office Worker,7.26,7.92,7.66,1.15,80,82.42093361899822
14936,Female,Manager,12.32,1.89,8.63,1.16,84,75.60978856446295
14942,Male,Healthcare Worker,8.9,6.53,8.28,0.28,82,80.55539210812762
14944,Male,Consultant,11.38,3.15,6.48,3.0,77,79.9114456073205
14949,Male,Technician,9.36,4.89,9.45,0.3,68,72.68647444635208
14950,Male,Teacher,8.05,6.68,7.56,1.71,88,83.8545887890289
14954,Male,Manual Laborer,11.15,4.62,7.51,0.71,85,76.49795566160364
14955,Female,Retail Worker,8.33,7.56,6.36,1.76,88,88.18723544963429
14956,Male,Healthcare Worker,11.21,4.55,6.29,1.96,72,77.51856528379155
14959,Female,Technician,7.49,10.16,6.02,0.33,85,86.83940431872908
14960,Female,Retail Worker,6.78,10.74,6.19,0.28,96,88.45318462145828
14974,Female,Driver,10.25,3.46,8.78,1.51,75,78.17069954034592
14975,Female,Teacher,6.66,6.65,8.22,2.46,90,87.2159649425106
14977,Female,Freelancer,8.38,4.81,7.81,3.0,95,87.9886248794387
14983,Male,Manual Laborer,10.37,3.64,8.35,1.63,81,75.51860949193794
14987,Male,Consultant,6.26,9.0,6.21,2.54,99,86.15028689577514
14998,Male,Manager,12.53,1.43,7.69,2.36,78,76.22523318823386
15008,Female,Engineer,9.4,3.35,8.26,3.0,81,85.99746921202504
15009,Female,Consultant,11.55,2.09,7.65,2.71,85,84.0176874890894
15012,Female,Entrepreneur,13.45,2.5,8.05,0.0,69,72.03226788002425
15018,Male,Consultant,6.89,9.42,7.7,0.0,78,83.98365433602014
15019,Female,Technician,8.42,5.23,8.99,1.36,72,80.34211284243061
15023,Female,Freelancer,5.22,9.33,9.44,0.0,89,81.69613963469689
15045,Male,Consultant,11.23,7.9,4.87,0.0,82,76.51975310292715
15049,Male,Retail Worker,7.88,6.41,9.71,0.0,72,75.68556187739068
15050,Female,Retail Worker,7.8,7.55,8.42,0.24,62,84.2988453365214
15051,Male,Engineer,9.45,7.21,6.01,1.33,100,81.48480133685388
15063,Male,Driver,8.91,5.55,9.16,0.38,76,75.06079071983949
15068,Male,Teacher,7.35,5.31,10.01,1.33,73,79.04956588374466
15071,Male,Office Worker,9.49,2.19,11.0,1.33,62,72.95543762692066
15072,Male,Engineer,8.35,8.95,5.82,0.88,72,83.14748790678112
15074,Female,Scientist,7.57,5.71,10.02,0.7,81,78.27723930679423
15077,Female,Consultant,10.23,2.81,9.3,1.66,75,78.55819515407637
15078,Female,Healthcare Worker,10.0,4.12,7.22,2.66,85,84.41127338575738
15089,Female,Technician,8.6,3.89,8.68,2.83,76,84.46129945222219
15095,Male,Freelancer,8.75,6.31,7.17,1.77,88,83.05530425598681
15096,Male,Manager,9.97,2.58,10.66,0.79,68,72.85997074467427
15102,Female,Engineer,8.85,2.24,10.0,2.91,88,78.33802264737696
15109,Female,Healthcare Worker,9.25,3.79,8.94,2.02,82,81.16285306203211
15111,Male,Artist,9.08,5.33,6.59,3.0,80,84.91488302133041
15118,Male,Retail Worker,7.14,11.51,4.46,0.89,82,84.66712174180921
15132,Female,Consultant,9.76,3.27,9.01,1.97,86,81.13011739056579
15133,Female,Healthcare Worker,9.53,5.67,6.78,2.01,80,83.68464520342097
15138,Female,Freelancer,10.6,5.64,6.4,1.36,78,83.05593573115026
15139,Male,Manager,11.86,4.31,6.16,1.67,83,73.38564249417023
15143,Male,Consultant,9.75,7.64,6.61,0.0,72,78.59416935261393
15147,Female,Freelancer,10.67,2.47,7.86,3.0,78,83.61375393356064
15150,Male,Driver,9.67,8.16,4.65,1.53,67,81.49102451363005
15157,Female,Healthcare Worker,8.48,7.9,6.17,1.44,92,85.84512330187273
15172,Female,Manual Laborer,8.86,3.58,8.75,2.81,86,84.10578497560086
15173,Female,Driver,8.6,8.33,7.07,0.0,66,86.11669017279131
15175,Female,Manual Laborer,9.47,7.19,6.31,1.03,96,81.98310672481185
15186,Male,Consultant,10.61,5.69,7.29,0.41,80,77.66020630965663
15192,Male,Artist,9.96,4.42,7.69,1.93,83,82.53323680042232
15195,Female,Consultant,11.98,4.11,7.08,0.84,69,75.79583210250301
15196,Female,Teacher,6.86,9.05,7.23,0.86,81,87.62342914897876
15202,Male,Manual Laborer,10.95,4.92,7.1,1.02,81,74.9203052760456
15214,Male,Office Worker,7.72,3.86,9.48,2.94,77,79.85126348884683
15221,Male,Teacher,6.5,6.68,7.81,3.0,83,90.06829339056593
15222,Female,Scientist,7.15,7.81,8.49,0.55,81,86.94233832052251
15231,Female,Artist,7.75,6.6,6.86,2.79,89,91.00286079029372
15232,Female,Retail Worker,9.68,4.64,8.72,0.96,75,78.90696867995074
15237,Female,Manager,13.41,1.0,8.46,1.14,87,73.65365463432316
15246,Male,Freelancer,7.42,7.43,7.96,1.18,93,82.20635944507251
15257,Male,Artist,4.41,11.23,6.57,1.8,100,86.48049714381673
15260,Female,Technician,9.59,3.95,8.38,2.08,77,82.84932688134157
15269,Female,Engineer,8.98,6.16,7.53,1.33,89,85.55934704501504
15279,Male,Driver,10.54,4.87,6.42,2.17,76,81.29357689890489
15287,Female,Teacher,8.77,4.96,7.33,2.94,79,87.75302680751845
15295,Female,Freelancer,8.8,7.29,7.73,0.18,94,83.96946083470908
15296,Male,Engineer,9.97,5.59,6.83,1.61,66,82.52195177228333
15298,Male,Engineer,9.06,4.78,7.57,2.58,82,83.22550403836972
15316,Female,Artist,5.48,8.52,7.78,2.22,88,91.66162051463641
15319,Male,Scientist,9.27,8.96,5.36,0.42,93,78.49568377798572
15323,Female,Technician,7.73,7.53,6.71,2.03,77,86.97579205994249
15324,Female,Office Worker,8.15,6.68,8.72,0.45,82,81.78888867429576
15330,Male,Scientist,9.62,6.67,5.23,2.48,88,81.86081225318793
15333,Male,Driver,9.63,3.77,8.49,2.12,82,79.59690666661342
15336,Female,Scientist,9.95,3.56,8.16,2.33,88,84.20079977071832
15347,Female,Office Worker,7.73,5.58,9.42,1.28,85,80.42777686546889
15350,Female,Engineer,8.85,8.43,6.72,0.0,78,82.69775524544086
15358,Male,Engineer,8.58,4.16,9.27,1.99,73,77.7942430039021
15361,Female,Teacher,7.56,3.74,9.7,3.0,77,81.77589156888187
15374,Female,Healthcare Worker,11.01,5.0,7.83,0.16,72,78.2600453760786
15378,Male,Technician,8.17,8.22,7.35,0.26,91,82.39226593698804
15385,Female,Technician,8.88,5.82,7.44,1.86,88,85.69719743150503
15391,Female,Scientist,10.65,6.63,5.94,0.78,85,81.1607055918982
15396,Male,Freelancer,11.65,2.06,9.29,0.99,77,70.24421696189538
15398,Male,Manual Laborer,8.19,7.34,7.35,1.12,89,83.43187509314131
15400,Female,Scientist,10.13,5.65,5.98,2.24,79,85.56516121877834
15402,Female,Manager,13.37,4.41,5.83,0.39,73,74.80270340657346
15403,Female,Artist,6.58,11.31,4.86,1.24,76,89.24376981720454
15404,Male,Driver,10.88,7.57,5.3,0.25,67,73.953492011319
15408,Male,Manual Laborer,10.57,2.51,9.14,1.79,78,76.04933224770225
15412,Male,Technician,7.35,8.36,7.34,0.95,80,82.24233210008086
15425,Male,Driver,11.35,4.65,7.5,0.5,69,77.73595236231046
15429,Male,Technician,9.57,8.46,5.81,0.16,79,78.14292024007942
15431,Female,Artist,6.46,10.62,6.93,0.0,89,86.888165141456
15434,Female,Freelancer,7.36,7.5,7.03,2.12,88,89.472368886687
15436,Female,Office Worker,8.35,5.8,7.02,2.84,78,89.47751290091317
15438,Female,Engineer,8.54,5.65,8.06,1.75,73,85.8012419551399
15441,Male,Freelancer,9.44,7.38,6.71,0.47,78,78.33349204429452
15443,Female,Healthcare Worker,11.96,2.6,8.43,1.01,71,73.46931731867927
15446,Female,Artist,5.23,9.21,9.37,0.19,87,82.83963482797155
15450,Female,Consultant,11.44,2.67,7.76,2.14,83,82.67418531398866
15455,Female,Freelancer,10.5,2.4,9.62,1.48,79,76.30260815254671
15458,Female,Teacher,6.81,7.69,8.75,0.75,95,87.17957434108094
15468,Male,Retail Worker,6.6,8.04,6.99,2.38,100,90.70396060907115
15473,Female,Manager,9.86,1.84,9.3,3.0,87,79.62539461544759
15479,Male,Manager,11.33,2.69,9.86,0.12,68,73.54305577528451
15485,Male,Entrepreneur,13.01,1.0,8.19,1.8,68,72.78240814383481
15489,Male,Teacher,8.81,4.29,9.15,1.75,85,78.17869049667104
15491,Male,Freelancer,5.17,7.6,9.75,1.47,76,78.2449345100604
15501,Male,Manager,8.92,1.0,11.08,3.0,90,76.86956779087963
15504,Male,Entrepreneur,11.05,1.0,9.31,2.64,77,75.42514715088966
15507,Male,Freelancer,5.89,10.26,5.03,2.83,81,88.44861209371389
15510,Male,Healthcare Worker,9.89,4.09,7.02,3.0,82,84.89960802324433
15512,Male,Artist,5.35,6.49,9.25,2.9,80,83.1301796176023
15518,Male,Manual Laborer,10.83,6.98,5.92,0.26,77,75.72908305092312
15520,Female,Engineer,9.9,3.4,7.7,3.0,94,86.45202252514531
15522,Female,Consultant,7.59,8.74,5.69,1.98,76,86.10974345150058
15523,Male,Manual Laborer,10.46,4.58,8.96,0.0,76,73.72015224813379
15530,Female,Manager,9.06,3.53,9.13,2.28,74,80.76903271763103
15531,Male,Engineer,9.18,7.31,7.51,0.0,72,78.65567124513056
15547,Female,Artist,4.98,9.69,8.66,0.67,87,87.75374383538117
15558,Female,Driver,10.97,2.62,7.83,2.59,99,82.62939003374937
15562,Female,Engineer,8.9,1.0,11.1,3.0,78,77.48676877985994
15565,Female,Teacher,7.07,9.07,6.54,1.32,100,87.96311552316624
15566,Male,Scientist,8.93,3.97,9.58,1.52,79,75.02097715093582
15570,Female,Healthcare Worker,10.7,2.09,8.57,2.64,73,81.51307801539674
15576,Male,Teacher,6.59,9.37,5.04,3.0,100,88.7792432156805
15577,Female,Manager,11.5,4.09,7.95,0.46,88,76.79354050724329
15580,Female,Freelancer,8.68,5.96,8.3,1.07,81,81.75978836816655
15581,Male,Office Worker,7.86,2.69,10.45,3.0,87,77.16788201672995
15586,Male,Retail Worker,7.01,9.16,6.89,0.94,92,86.1126202465181
15589,Male,Engineer,9.99,6.2,7.42,0.39,86,80.75603243060829
15596,Female,Technician,8.39,8.37,6.86,0.38,84,85.82742453900399
15605,Female,Healthcare Worker,9.27,1.96,10.36,2.42,92,77.49599886294861
15621,Female,Manual Laborer,10.3,5.72,7.16,0.82,62,80.33563313708679
15628,Male,Driver,9.71,4.55,6.77,2.97,83,83.94383453876915
15634,Female,Freelancer,8.94,7.08,6.58,1.4,90,83.42071860022233
15640,Female,Scientist,8.8,6.48,7.51,1.21,81,86.48734472913827
15657,Male,Teacher,7.99,6.58,7.59,1.84,84,83.6043583368563
15658,Female,Scientist,7.15,6.96,8.2,1.68,96,85.99931781405603
15665,Male,Freelancer,7.67,5.52,7.84,2.98,82,85.92747443357968
15668,Female,Freelancer,5.51,9.43,7.21,1.84,88,92.33023728134458
15673,Male,Teacher,8.45,7.09,7.57,0.89,82,82.63868715629118
15677,Male,Consultant,6.3,6.02,8.68,3.0,90,86.5829351643237
15680,Female,Artist,7.75,5.98,7.47,2.81,87,90.16465988021153
15681,Female,Healthcare Worker,10.68,3.41,7.01,2.89,89,83.20752112703477
15683,Male,Scientist,8.79,8.94,6.04,0.24,73,81.225847702352
15689,Male,Technician,9.77,5.99,7.83,0.4,91,77.87086825272085
15691,Female,Driver,10.51,7.56,5.37,0.55,96,78.6023196835183
15700,Male,Freelancer,6.31,9.43,7.17,1.09,83,87.60566738013509
15703,Male,Scientist,10.9,7.73,4.95,0.41,79,76.68142523910333
15742,Male,Manual Laborer,8.11,9.75,6.08,0.06,69,83.7464639363523
15744,Female,Technician,7.29,6.58,9.36,0.78,77,79.27766905682105
15746,Male,Technician,8.09,8.25,7.45,0.21,90,81.8822842952629
15766,Male,Healthcare Worker,11.85,1.0,8.46,2.69,65,76.21788222247169
15767,Male,Technician,8.34,3.29,9.37,3.0,79,80.52472686275114
15768,Female,Teacher,7.85,7.9,7.33,0.92,95,86.36683299583136
15777,Male,Manager,12.39,1.65,7.75,2.22,70,76.3941652422909
15804,Female,Consultant,7.32,8.34,8.12,0.21,92,84.85369253326388
15805,Female,Consultant,8.58,10.79,4.11,0.52,100,83.68349700620098
15806,Male,Technician,9.8,6.01,8.19,0.0,70,76.69928420313128
15814,Female,Engineer,8.09,4.42,8.5,3.0,85,86.78439585955722
15818,Male,Scientist,7.58,7.0,6.77,2.65,80,84.39607045677594
15821,Male,Freelancer,8.11,10.11,4.39,1.39,72,84.65850319253106
15822,Male,Healthcare Worker,10.8,1.59,10.07,1.54,69,73.0101007532937
15825,Male,Retail Worker,8.45,7.44,6.95,1.16,82,83.07313589870606
15829,Female,Consultant,6.5,10.41,6.85,0.25,83,86.62993203838838
15831,Female,Manual Laborer,8.55,4.26,9.83,1.35,70,75.64840345698236
15841,Male,Consultant,8.66,5.13,7.99,2.22,83,85.51044275159977
15845,Female,Freelancer,10.88,1.64,9.25,2.24,87,74.96633397988461
15856,Male,Entrepreneur,10.96,3.46,8.44,1.14,80,74.85173829464148
15858,Male,Retail Worker,9.16,4.79,7.05,3.0,93,86.37923335123845
15859,Female,Scientist,10.22,3.27,8.64,1.86,80,78.9352220086144
15860,Female,Engineer,8.36,9.6,4.7,1.34,92,86.95236919510975
15865,Female,Manual Laborer,10.55,5.19,6.58,1.68,88,83.43843775813666
15872,Male,Manual Laborer,11.96,1.01,9.23,1.79,68,72.54237583953527
15891,Male,Driver,8.63,6.55,8.41,0.41,84,79.44293307764036
15895,Male,Manager,12.86,2.51,7.26,1.37,81,75.01500691254518
15901,Male,Engineer,8.71,5.9,7.9,1.5,87,82.41856154608395
15912,Female,Artist,4.6,9.73,7.93,1.74,85,91.34744562932556
15913,Male,Retail Worker,7.57,7.03,9.4,0.0,71,76.40040060893837
15914,Male,Engineer,7.06,6.24,10.18,0.52,71,73.08979439803534
15915,Female,Manual Laborer,10.18,2.44,8.51,2.87,73,82.47929105341267
15924,Male,Manual Laborer,11.33,2.5,8.75,1.42,74,75.8089149418811
15932,Male,Engineer,9.71,9.87,4.37,0.04,73,79.66222450964811
15938,Male,Artist,6.2,6.96,9.57,1.27,77,77.81559245215452
15940,Female,Office Worker,8.38,7.68,7.95,0.0,82,84.8825784252464
15946,Male,Scientist,9.72,5.41,7.68,1.18,73,80.2142282510485
15951,Male,Freelancer,6.23,8.68,7.25,1.84,76,87.0623241022194
15953,Male,Manager,9.74,5.59,7.18,1.48,76,81.09922642822823
15954,Female,Manual Laborer,11.85,5.33,5.93,0.89,65,77.71560983213195
15956,Male,Manager,13.38,2.92,4.79,2.91,83,74.6376214957367
15957,Male,Consultant,8.79,8.03,7.15,0.03,82,82.17237007082461
15958,Male,Office Worker,7.98,7.03,6.72,2.26,82,84.59018773665495
15960,Male,Scientist,8.56,9.23,5.36,0.85,79,81.46150777632383
15963,Female,Driver,11.47,2.53,8.06,1.93,80,79.40978026096947
15968,Male,Healthcare Worker,11.72,6.83,5.41,0.04,68,72.92291966824452
15975,Female,Entrepreneur,14.46,1.0,7.01,1.53,68,74.31354557551012
15991,Female,Teacher,8.96,6.93,8.04,0.08,87,83.42568586289411
15998,Male,Artist,8.93,3.66,10.0,1.4,65,75.25034132683521
15999,Male,Manager,9.45,5.18,9.09,0.27,72,75.43539014477835
16015,Male,Consultant,7.3,11.43,3.56,1.71,84,83.33631038394014
16027,Female,Technician,7.47,5.85,7.78,2.89,89,90.09621977429374
16029,Male,Scientist,9.86,5.07,9.07,0.0,81,73.0915504238391
16039,Male,Healthcare Worker,9.61,4.08,7.6,2.71,83,83.88318652879921
16051,Male,Artist,9.88,3.02,9.09,2.0,72,78.59753321807433
16052,Female,Technician,9.53,2.76,8.72,3.0,83,82.41085184741293
16059,Male,Teacher,8.99,6.5,7.18,1.33,86,82.71928585068108
16063,Female,Office Worker,8.79,9.39,5.83,0.0,72,84.48909755516875
16071,Male,Manager,13.18,2.35,6.16,2.31,72,73.39727764241708
16077,Male,Engineer,7.84,3.52,10.64,1.99,90,73.09904793683707
16081,Male,Healthcare Worker,10.68,6.01,7.31,0.0,75,75.92140888668271
16085,Female,Freelancer,10.86,1.88,9.16,2.1,71,74.7552401635702
16088,Male,Office Worker,7.77,9.63,5.53,1.07,93,83.20357466099561
16098,Female,Manual Laborer,9.04,5.74,9.08,0.13,84,79.2156413442954
16102,Male,Scientist,9.19,4.82,7.99,2.01,78,83.00642935156301
16103,Male,Retail Worker,7.92,6.3,8.55,1.23,74,80.93865627079371
16111,Female,Scientist,8.53,6.77,8.18,0.53,73,86.74619331882133
16113,Female,Office Worker,8.92,5.63,6.97,2.48,91,84.8064541477705
16114,Male,Teacher,6.54,9.83,6.88,0.74,78,86.7595558221992
16120,Male,Artist,9.81,3.42,7.77,3.0,88,82.36593319462082
16127,Female,Healthcare Worker,10.33,5.41,7.36,0.91,73,83.09413211471556
16128,Male,Teacher,6.98,4.7,9.42,2.89,82,81.30636023362918
16159,Male,Artist,6.64,12.45,4.56,0.35,85,83.33604551201493
16163,Male,Retail Worker,8.64,8.51,6.85,0.0,87,82.57431223076023
16173,Female,Artist,8.23,9.06,6.71,0.0,76,87.43603016891628
16189,Male,Office Worker,7.38,6.86,8.84,0.92,96,79.02217451064239
16193,Female,Teacher,8.83,6.21,7.16,1.8,70,86.95017427040159
16194,Male,Freelancer,9.83,4.02,9.43,0.71,62,73.58148352502403
16196,Male,Scientist,8.48,6.55,7.44,1.53,84,82.1685685168729
16202,Male,Artist,5.95,9.94,7.15,0.97,92,86.55252722133604
16208,Male,Freelancer,6.15,9.47,7.25,1.12,81,87.74905568797061
16210,Male,Technician,7.79,5.36,7.99,2.86,88,85.87436376900227
16215,Female,Artist,8.16,6.42,8.0,1.42,88,87.81515653327378
16222,Male,Consultant,11.33,5.27,7.22,0.18,70,77.39519441006772
16226,Female,Teacher,6.53,8.31,8.0,1.16,95,86.49293965486855
16227,Male,Scientist,9.77,3.52,8.33,2.39,88,81.63045880318964
16237,Male,Artist,6.55,7.26,8.3,1.89,85,84.8222377230503
16240,Male,Technician,8.38,7.46,6.61,1.55,91,83.00835938950317
16260,Male,Scientist,8.51,5.06,8.83,1.6,86,78.25015756227883
16266,Male,Retail Worker,6.49,9.45,6.65,1.4,98,87.68757681691199
16269,Female,Entrepreneur,12.68,4.13,7.19,0.0,70,73.17964128528958
16284,Female,Freelancer,7.7,10.5,5.8,0.0,90,85.9950665844183
16289,Female,Consultant,10.82,3.71,8.08,1.39,77,79.60195404043577
16293,Male,Freelancer,10.96,2.74,8.8,1.49,76,76.81167795080866
16302,Male,Healthcare Worker,9.21,10.25,4.19,0.34,78,81.41007912327663
16313,Male,Retail Worker,8.99,6.52,8.19,0.29,75,81.54646802935238
16317,Male,Scientist,10.35,5.69,6.91,1.05,87,76.94793979761089
16328,Male,Engineer,9.92,3.27,8.31,2.5,81,79.48075987465009
16330,Female,Manager,12.94,1.32,9.25,0.49,69,75.7768362970475
16334,Male,Artist,5.7,9.65,6.83,1.82,79,86.50335952822059
16337,Female,Driver,8.83,6.17,7.92,1.07,90,83.51432633532613
16339,Female,Engineer,8.9,8.16,6.84,0.1,87,83.65707203208582
16346,Male,Teacher,8.7,7.03,6.73,1.55,78,83.26198260674643
16351,Female,Healthcare Worker,8.51,4.65,8.42,2.42,79,82.85114126867887
16354,Female,Retail Worker,7.24,4.99,9.79,1.98,76,81.31134504340652
16359,Female,Scientist,10.27,2.99,7.99,2.75,89,83.43386276351237
16366,Female,Technician,9.29,2.48,9.85,2.38,71,77.50239087102001
16371,Male,Engineer,9.22,9.6,4.56,0.63,75,79.54310692545273
16384,Female,Consultant,11.98,3.32,5.7,3.0,78,80.3069272449941
16388,Female,Engineer,9.94,3.15,7.91,3.0,91,85.58116953607461
16389,Male,Engineer,9.05,2.15,9.8,3.0,58,77.34227549505823
16395,Male,Manual Laborer,9.61,7.75,4.9,1.74,65,80.66712533694773
16401,Male,Consultant,11.38,1.0,9.27,2.35,69,72.85155047165902
16402,Male,Freelancer,8.65,7.6,7.12,0.63,82,81.15679675147955
16405,Male,Healthcare Worker,8.67,5.64,7.38,2.32,100,85.45991550461324
16406,Male,Healthcare Worker,8.74,5.12,8.06,2.09,79,84.06265644556736
16410,Male,Retail Worker,6.43,6.35,8.22,3.0,93,88.72989251644054
16412,Male,Artist,7.79,5.25,8.65,2.31,82,83.09741568473197
16417,Female,Technician,7.34,5.88,8.13,2.65,89,89.92574739777359
16418,Female,Entrepreneur,13.22,3.2,6.97,0.6,71,74.35954779764623
16432,Male,Artist,5.85,10.4,5.43,2.32,84,87.08274137937728
16440,Male,Manager,11.7,2.77,6.53,3.0,89,76.81001934394124
16444,Male,Freelancer,10.94,3.8,7.82,1.45,69,80.78134735257075
16449,Female,Technician,8.4,7.58,5.48,2.54,80,87.95892556432409
16451,Female,Engineer,8.4,4.89,8.55,2.17,88,85.83764201523246
16456,Female,Teacher,6.25,8.94,6.85,1.95,93,90.35287205672984
16459,Female,Freelancer,7.29,6.83,9.64,0.25,90,78.68579121868653
16466,Female,Office Worker,7.51,4.07,9.42,3.0,78,82.57014349273425
16467,Male,Retail Worker,7.11,6.8,7.17,2.93,94,88.50459706282918
16474,Male,Engineer,8.45,5.55,8.43,1.57,73,83.26546806396986
16476,Female,Technician,9.84,3.19,9.08,1.89,83,80.78528680925224
16479,Male,Artist,6.29,11.01,4.44,2.26,82,86.72927341254481
16487,Female,Manual Laborer,8.86,2.26,10.08,2.8,82,79.27688871116648
16492,Female,Scientist,7.99,8.13,5.99,1.89,98,87.17590007456113
16496,Female,Scientist,9.03,4.3,9.3,1.38,85,77.57649776141231
16500,Female,Office Worker,8.12,5.47,7.56,2.85,87,89.74239039212918
16506,Female,Retail Worker,8.7,8.19,7.11,0.0,79,85.20152415555512
16516,Male,Healthcare Worker,8.94,6.4,6.33,2.33,80,83.82599121152337
16527,Male,Teacher,6.87,5.7,10.59,0.84,74,76.05191617435226
16531,Female,Entrepreneur,13.81,1.54,7.59,1.06,66,72.63118721849024
16541,Female,Manager,10.41,4.38,7.55,1.66,92,82.36545311667463
16549,Male,Driver,9.49,6.0,8.17,0.34,92,78.13838671054185
16551,Male,Driver,9.77,5.98,7.21,1.04,85,80.99189525501525
16554,Female,Engineer,7.53,9.21,5.04,2.22,84,87.40029818326497
16555,Female,Artist,9.35,5.69,7.79,1.17,94,85.32241878418041
16556,Male,Technician,9.68,5.14,7.01,2.17,78,83.29891391061307
16564,Male,Teacher,7.79,9.9,4.94,1.38,78,84.94510684744327
16571,Male,Artist,7.09,9.63,5.18,2.11,84,87.17600336835422
16572,Female,Manager,12.76,2.83,6.13,2.28,77,77.29398103290039
16578,Female,Consultant,10.04,5.89,6.34,1.73,86,82.501887317158
16581,Female,Retail Worker,8.26,4.9,9.87,0.97,76,78.56090617757766
16584,Male,Artist,9.3,4.18,7.52,3.0,94,84.67031592543869
16588,Female,Entrepreneur,11.79,3.77,6.23,2.21,78,79.08822162399038
16601,Female,Manual Laborer,10.96,1.0,10.41,1.63,77,74.03414516886392
16617,Male,Manual Laborer,11.22,4.28,7.91,0.59,89,77.09494841629187
16625,Female,Engineer,8.78,6.01,6.52,2.69,85,86.96879734812418
16627,Female,Engineer,9.31,4.48,7.9,2.31,88,86.92100431713537
16632,Male,Healthcare Worker,9.77,4.3,7.69,2.24,85,83.10416703643106
16645,Female,Freelancer,5.18,9.49,9.08,0.25,85,81.80365527668867
16646,Female,Scientist,10.96,4.46,7.45,1.13,89,78.92907779118856
16662,Male,Scientist,8.14,11.0,4.66,0.2,76,82.3299587264848
16673,Female,Driver,10.92,1.0,9.9,2.18,66,75.81275860417306
16678,Male,Healthcare Worker,9.81,8.51,4.15,1.53,68,81.60611686945288
16682,Male,Artist,6.45,8.21,7.39,1.95,100,86.79390218048442
16692,Male,Technician,8.56,7.66,6.34,1.44,88,82.87256702534769
16693,Male,Artist,6.02,11.2,6.78,0.0,72,84.86498378203059
16696,Female,Driver,10.67,5.3,6.4,1.63,90,82.61821617452192
16702,Female,Artist,6.86,5.78,10.66,0.7,78,76.52930193055512
16708,Female,Consultant,9.32,4.37,8.32,1.99,91,83.82435717984735
16715,Female,Technician,7.93,9.22,6.23,0.63,100,84.73392132062325
16719,Male,Retail Worker,8.47,7.79,7.65,0.09,84,82.41561240203686
16733,Female,Retail Worker,8.53,5.92,8.33,1.22,92,83.2963721810014
16745,Female,Artist,6.7,7.19,7.11,3.0,97,90.67987506790735
16757,Male,Entrepreneur,11.47,3.05,8.29,1.19,70,72.93882247808294
16758,Female,Entrepreneur,14.3,3.23,5.51,0.96,81,74.61457387702411
16760,Male,Freelancer,11.29,5.73,4.48,2.5,80,79.19604199857542
16770,Male,Entrepreneur,11.0,2.97,8.66,1.38,63,76.1888269287277
16771,Male,Driver,11.65,4.11,6.46,1.77,83,75.25622395645884
16772,Male,Teacher,8.64,9.26,5.08,1.02,84,82.65803623684222
16798,Female,Engineer,9.75,5.61,8.64,0.0,75,78.47327055640794
16802,Female,Freelancer,9.69,2.89,9.81,1.6,72,77.90736747614783
16804,Female,Office Worker,9.02,6.1,7.09,1.79,78,84.21172015663666
16809,Male,Engineer,8.83,6.04,6.94,2.19,74,85.4097332840295
16816,Female,Driver,8.63,7.89,5.79,1.7,96,85.47173117648869
16842,Male,Teacher,7.26,9.9,5.74,1.09,85,85.35641742981086
16847,Male,Office Worker,7.8,6.01,7.57,2.62,80,86.21459794837557
16848,Male,Office Worker,9.34,8.16,6.5,0.0,77,78.83026040701276
16851,Male,Retail Worker,7.15,7.78,7.65,1.43,75,85.11132982942378
16854,Female,Office Worker,7.31,9.05,7.11,0.53,72,84.09898604600137
16855,Female,Office Worker,8.73,5.8,9.48,0.0,78,76.67731772919393
16859,Female,Driver,10.54,7.17,5.73,0.56,100,79.65093650542022
16863,Male,Manual Laborer,10.75,6.48,6.78,0.0,68,75.37958044753515
16866,Female,Retail Worker,6.67,9.75,6.04,1.54,71,89.80280692418597
16867,Female,Driver,8.21,4.99,8.01,2.8,78,87.3015883392033
16881,Male,Scientist,8.44,6.28,7.26,2.03,95,84.51582087925573
16894,Female,Retail Worker,9.8,7.99,6.2,0.0,75,82.8159294386189
16897,Female,Freelancer,7.76,5.3,10.37,0.57,83,76.26077911217826
16899,Female,Technician,7.43,7.4,7.05,2.11,85,88.1890848895311
16900,Female,Healthcare Worker,9.11,8.99,4.85,1.05,73,82.555515144076
16913,Male,Entrepreneur,13.64,1.2,6.16,3.0,64,71.89487697650708
16916,Female,Scientist,7.77,7.05,8.34,0.84,85,85.5741217915731
16919,Male,Manager,8.39,9.13,6.48,0.0,85,83.19609281295556
16923,Male,Manager,12.28,4.0,5.4,2.31,76,76.00628246549792
16928,Female,Technician,9.31,3.87,10.3,0.52,74,74.45616477339995
16935,Male,Scientist,10.98,3.86,8.37,0.78,73,75.67833113596546
16936,Male,Manual Laborer,8.57,8.46,6.11,0.86,96,84.18057029775075
16938,Female,Engineer,8.64,5.0,9.56,0.79,66,78.30947823571105
16939,Male,Teacher,6.36,6.32,8.32,3.0,93,87.3285664089309
16944,Male,Technician,8.48,7.66,6.41,1.45,74,83.2364409365727
16972,Male,Driver,8.52,6.31,8.1,1.07,85,80.78229265562574
16973,Male,Freelancer,11.9,1.63,9.6,0.87,62,70.16454252609869
16982,Male,Consultant,6.59,10.64,5.93,0.85,73,84.14780374186394
16987,Male,Manual Laborer,8.26,7.64,6.38,1.73,77,83.79309095845917
16988,Female,Driver,10.11,5.77,7.0,1.12,85,82.38992027719121
16993,Male,Scientist,7.03,12.7,4.08,0.19,74,82.59641686767527
16997,Female,Scientist,11.0,4.28,6.09,2.64,88,83.87861765953674
17000,Female,Scientist,7.07,11.07,5.5,0.36,83,85.9733085935448
17003,Female,Engineer,7.39,8.69,6.3,1.62,95,86.82898276562558
17008,Female,Freelancer,8.2,5.97,7.83,2.0,83,86.86734638864294
17014,Male,Consultant,8.96,6.76,5.88,2.4,87,84.42750369757243
17016,Female,Retail Worker,9.99,2.73,8.82,2.46,76,80.07245804529927
17021,Male,Entrepreneur,11.99,4.05,7.37,0.6,83,74.21269153805355
17030,Female,Engineer,9.4,5.68,6.52,2.39,79,84.91424090763219
17035,Female,Engineer,8.43,4.32,10.16,1.09,70,75.44979676842952
17047,Female,Office Worker,8.88,6.25,7.37,1.49,79,85.2755728383664
17050,Female,Entrepreneur,13.59,1.0,7.89,1.51,71,74.29458500160631
17065,Male,Driver,9.7,6.53,6.52,1.24,84,80.21386608188303
17066,Female,Driver,8.69,6.94,7.86,0.5,84,84.19631484363785
17072,Male,Retail Worker,8.32,8.27,5.54,1.87,90,85.05433060173176
17076,Female,Consultant,10.61,1.0,9.91,2.48,76,76.03867212291658
17079,Male,Scientist,9.02,4.35,8.02,2.61,83,83.51139457832747
17080,Female,Driver,11.34,5.53,5.09,2.04,84,79.64645554048401
17082,Female,Manager,9.14,5.92,7.11,1.84,76,84.1911272490045
17088,Female,Freelancer,7.73,7.86,5.41,3.0,87,87.98580295929483
17097,Male,Teacher,8.74,5.85,9.41,0.0,90,77.5778978948315
17103,Female,Engineer,7.99,7.34,7.69,0.98,91,85.97263962842227
17113,Female,Engineer,7.74,11.71,3.95,0.6,69,83.96138253027712
17116,Male,Office Worker,9.93,4.23,6.84,3.0,87,85.44266545388766
17124,Female,Entrepreneur,12.08,4.38,7.16,0.38,86,75.33618614800193
17130,Male,Manual Laborer,8.54,5.16,7.51,2.8,86,84.52904721289377
17134,Male,Artist,8.11,6.64,8.17,1.08,92,81.5680544704971
17135,Female,Office Worker,9.18,8.0,5.17,1.64,88,85.07754448650383
17136,Female,Entrepreneur,10.13,8.33,5.54,0.0,67,79.48194932069663
17137,Female,Entrepreneur,12.61,3.51,5.4,2.48,73,79.13426601362526
17148,Female,Manual Laborer,11.96,3.5,6.19,2.35,94,79.11593237094965
17149,Male,Artist,4.0,10.81,8.57,0.62,86,83.60774271366279
17151,Female,Engineer,9.27,2.61,9.12,3.0,87,80.88160195040453
17154,Male,Scientist,10.04,1.88,10.05,2.03,74,73.17804918023562
17164,Male,Freelancer,8.62,5.95,7.7,1.73,87,84.22031962140876
17168,Male,Consultant,9.23,8.28,6.49,0.0,91,80.99414729672057
17173,Female,Office Worker,7.49,7.19,8.87,0.45,72,78.59250984001174
17179,Male,Manual Laborer,9.22,7.34,7.43,0.0,78,80.13646998676805
17180,Female,Engineer,9.22,5.77,7.07,1.94,82,84.94274498843738
17199,Male,Freelancer,7.79,5.04,8.89,2.29,80,81.37339661148651
17201,Male,Driver,11.45,2.33,8.29,1.93,82,75.99064094443105
17217,Male,Teacher,8.44,7.56,7.07,0.93,84,83.03866360292275
17227,Male,Freelancer,5.3,11.73,5.56,1.41,83,86.40949861449
17232,Female,Retail Worker,6.48,7.19,9.17,1.16,76,82.98961987717395
17233,Female,Technician,7.23,6.69,7.08,3.0,94,89.67802249745104
17244,Female,Retail Worker,8.34,8.12,6.28,1.26,93,86.53633812971923
17250,Male,Office Worker,8.61,8.11,4.67,2.61,89,83.60836597287152
17254,Male,Healthcare Worker,9.27,7.38,6.09,1.26,75,80.40216911541263
17258,Male,Scientist,8.68,3.53,9.41,2.39,76,76.41236678743893
17263,Male,Manual Laborer,11.26,3.71,6.68,2.34,75,79.16248506478495
17264,Female,Healthcare Worker,9.06,2.13,9.86,2.96,67,79.05696828273385
17274,Male,Office Worker,7.66,5.1,8.28,2.96,82,83.19901676937735
17283,Male,Technician,9.04,5.72,8.76,0.48,85,76.40554913618534
17296,Female,Engineer,7.37,7.16,6.96,2.5,92,91.4446083334572
17302,Male,Driver,9.59,6.49,6.6,1.32,93,80.51517764275455
17305,Female,Technician,8.69,3.9,10.88,0.53,57,74.4745272133965
17309,Male,Driver,8.07,5.4,7.54,3.0,75,87.28013943907256
17320,Female,Driver,10.74,3.91,6.78,2.57,96,82.8088728122375
17332,Male,Entrepreneur,11.26,1.0,9.31,2.43,77,73.39993224983165
17334,Male,Consultant,6.75,6.27,8.65,2.32,84,84.99994272064095
17341,Female,Artist,5.15,9.56,7.16,2.14,88,91.37203039324082
17347,Male,Consultant,6.15,11.25,6.06,0.54,91,84.49192873728767
17355,Male,Teacher,8.31,9.04,5.71,0.94,87,83.21036606930119
17358,Male,Consultant,9.92,2.36,9.15,2.57,80,75.5530559426617
17360,Male,Freelancer,5.54,9.33,7.36,1.78,85,88.63151919672366
17368,Male,Technician,7.68,3.77,9.61,2.94,81,79.66645771649422
17375,Female,Technician,9.03,8.6,5.24,1.13,85,82.86716819307719
17378,Male,Driver,11.77,4.7,6.48,1.05,74,74.38408839392078
17396,Female,Manager,10.93,2.68,8.32,2.08,73,79.35767595152328
17402,Male,Manual Laborer,10.23,6.58,4.19,3.0,67,80.21030994041648
17405,Female,Healthcare Worker,11.77,3.87,7.37,0.99,75,76.28257421790104
17426,Male,Manual Laborer,9.16,8.24,4.64,1.96,86,82.8412576654214
17429,Male,Consultant,11.7,1.0,9.22,2.08,59,73.13468412240954
17432,Female,Office Worker,7.88,4.53,8.69,2.9,88,85.68680357337273
17438,Male,Freelancer,10.29,1.42,11.09,1.19,68,72.8991978145191
17439,Male,Retail Worker,8.73,5.2,7.53,2.54,87,85.17399503263643
17446,Female,Driver,10.31,3.69,7.63,2.37,83,80.72357921005643
17447,Male,Entrepreneur,11.13,1.33,10.21,1.32,69,72.59575113984548
17455,Female,Scientist,10.36,5.36,5.83,2.45,75,83.2459291919658
17457,Female,Retail Worker,8.02,8.03,7.11,0.84,96,86.83548244676642
17458,Male,Teacher,7.26,9.51,7.23,0.0,95,84.33058599948203
17459,Male,Freelancer,10.72,4.3,5.98,3.0,74,84.58735802438767
17460,Male,Office Worker,8.28,4.34,8.38,3.0,88,83.3829671557593
17469,Male,Teacher,6.56,6.11,8.33,3.0,80,87.44041638899589
17480,Male,Entrepreneur,14.04,2.11,7.85,0.0,73,67.6267474096192
17483,Female,Engineer,8.86,4.07,8.78,2.3,88,82.51616444837765
17485,Female,Office Worker,8.34,3.65,9.75,2.26,83,79.64949784345859
17509,Female,Technician,7.37,9.53,6.42,0.68,94,86.64708857151318
17514,Male,Freelancer,6.28,8.55,8.41,0.76,91,84.46091585738533
17520,Female,Freelancer,5.06,8.68,7.85,2.4,95,91.52796801336667
17532,Female,Consultant,8.32,3.51,10.36,1.81,69,73.73985624893575
17534,Male,Manager,10.89,5.54,7.08,0.48,82,76.21787969705774
17538,Female,Driver,9.75,5.05,9.19,0.01,85,75.19795968963183
17544,Male,Teacher,7.5,6.97,7.35,2.18,84,86.01988813499804
17546,Male,Office Worker,9.24,7.48,7.08,0.2,87,80.46241654372747
17553,Male,Teacher,7.29,5.4,10.15,1.16,76,78.28636216675834
17554,Male,Freelancer,10.52,3.43,8.87,1.18,88,75.90589030229144
17566,Female,Freelancer,7.67,8.71,5.15,2.47,90,87.33136172034465
17567,Male,Manager,12.53,4.14,6.67,0.67,83,72.94078287246438
17570,Male,Artist,4.57,11.65,6.72,1.06,71,86.25436212030418
17571,Female,Freelancer,11.22,2.56,9.88,0.35,72,74.67659197625746
17578,Male,Artist,8.3,7.88,7.21,0.61,76,84.39463965006962
17582,Female,Office Worker,9.94,4.33,7.89,1.84,92,85.56302577442875
17587,Female,Manager,13.25,5.94,4.2,0.61,80,76.28325877400263
17596,Female,Driver,11.82,1.41,8.18,2.59,87,80.54379895378122
17598,Male,Engineer,9.41,6.23,7.19,1.17,86,82.36103550791191
17607,Female,Engineer,9.62,4.3,7.58,2.49,90,85.60052781575034
17614,Male,Manager,11.58,4.89,4.91,2.62,69,78.48511307716177
17617,Male,Engineer,9.25,5.46,6.95,2.34,96,84.13879948471198
17618,Male,Manual Laborer,9.04,10.2,3.95,0.81,84,80.26970957370344
17628,Female,Freelancer,8.37,5.32,8.49,1.81,72,82.7325078771271
17631,Male,Manual Laborer,10.83,5.01,7.83,0.33,78,77.19590272714157
17639,Female,Teacher,7.44,9.75,6.81,0.0,83,86.33285026550807
17643,Female,Artist,7.53,8.91,6.18,1.38,74,88.69337293427259
17644,Female,Technician,8.62,9.58,5.62,0.18,96,84.7513499954122
17647,Male,Healthcare Worker,11.24,6.21,5.74,0.8,62,73.42556296713339
17648,Female,Teacher,7.46,8.18,5.71,2.64,98,89.52223706492603
17654,Male,Retail Worker,6.98,7.93,8.35,0.74,75,82.67670693842828
17661,Female,Engineer,7.53,7.47,8.35,0.65,86,83.7758466147219
17678,Male,Retail Worker,9.53,1.5,10.63,2.34,77,72.53508746577603
17684,Male,Office Worker,7.12,7.23,9.56,0.09,69,75.62140931370114
17687,Male,Scientist,7.1,6.15,8.29,2.46,83,84.17993536223683
17688,Female,Freelancer,8.57,9.44,4.63,1.35,90,85.81169959066965
17692,Female,Technician,8.66,3.98,9.68,1.68,79,77.23448343088461
17700,Male,Office Worker,8.1,7.12,6.81,1.97,92,84.37894342877267
17703,Male,Office Worker,8.84,7.29,7.67,0.2,75,81.20414098561614
17711,Male,Freelancer,8.6,3.65,10.39,1.36,78,73.4170344752354
17717,Male,Teacher,6.29,8.09,7.41,2.21,78,89.80314139607839
17725,Female,Scientist,9.9,3.02,10.36,0.72,69,75.0263498389551
17728,Female,Office Worker,8.79,4.52,10.41,0.28,65,75.86441583917
17732,Female,Manager,13.42,1.36,6.22,3.0,78,77.29361273171587
17733,Female,Healthcare Worker,10.49,6.74,6.22,0.56,83,81.6796804766567
17742,Female,Healthcare Worker,11.68,4.01,6.65,1.66,90,76.84048506815328
17747,Male,Artist,7.15,10.14,6.67,0.04,79,84.20286104103877
17757,Male,Freelancer,9.26,3.48,8.26,3.0,66,82.19995512513651
17758,Female,Office Worker,7.45,8.77,5.78,2.01,84,87.24857330561015
17763,Female,Freelancer,10.61,3.36,7.46,2.57,85,82.32275006161834
17774,Male,Manual Laborer,8.33,6.99,7.37,1.32,74,83.60908524014434
17776,Female,Manual Laborer,9.9,4.46,7.76,1.88,93,84.60019611653516
17785,Male,Teacher,6.15,4.34,10.51,3.0,82,78.87597424741192
17794,Male,Scientist,10.89,4.87,7.09,1.15,78,77.64255658978041
17798,Male,Engineer,8.67,4.95,7.38,3.0,89,85.24800212379898
17799,Female,Freelancer,6.34,7.44,7.94,2.28,100,89.56664007748928
17815,Male,Consultant,8.02,3.76,9.22,3.0,71,79.56513851737941
17833,Female,Teacher,8.45,5.96,9.59,0.0,88,79.32998557214593
17842,Female,Office Worker,9.03,8.97,5.33,0.68,86,82.61902769954297
17848,Male,Healthcare Worker,8.65,5.31,10.01,0.04,79,74.31037879644357
17850,Female,Entrepreneur,14.42,1.0,8.02,0.56,78,72.12018121723163
17857,Male,Entrepreneur,10.77,5.76,6.36,1.1,71,76.01388355333606
17876,Male,Manager,9.28,6.32,6.49,1.91,89,82.037930737904
17882,Male,Engineer,8.18,6.38,6.43,3.0,81,85.55218596324625
17890,Female,Artist,5.03,9.61,6.84,2.52,93,92.05915713515168
17894,Female,Retail Worker,6.84,9.99,4.36,2.81,84,90.33203611127392
17895,Female,Office Worker,8.13,8.24,7.46,0.16,96,84.24341841139658
17901,Male,Office Worker,9.17,5.79,8.09,0.94,87,80.26664267196202
17903,Male,Freelancer,7.91,5.95,8.77,1.37,87,79.58543147460847
17904,Male,Entrepreneur,12.76,3.49,5.24,2.51,67,77.06003107821651
17909,Female,Office Worker,8.28,4.41,9.21,2.1,82,82.00308359792908
17914,Male,Consultant,6.09,11.21,6.69,0.0,99,83.83714084822772
17917,Male,Teacher,8.46,7.35,7.08,1.11,86,83.68954117659385
17919,Female,Engineer,7.72,7.56,7.24,1.47,89,86.6173531172405
17920,Female,Entrepreneur,11.09,1.68,9.13,2.1,74,76.29481367578269
17921,Male,Driver,9.73,4.44,8.26,1.57,95,80.44113769731729
17922,Female,Technician,9.88,1.0,10.12,3.0,72,77.8623810955568
17924,Male,Teacher,8.31,4.61,10.51,0.56,67,73.5018396123935
17925,Male,Scientist,8.47,4.3,8.67,2.56,76,83.08813363171048
17928,Female,Office Worker,9.91,6.02,6.51,1.55,82,83.56713241223495
17930,Male,Artist,6.29,9.39,8.15,0.17,93,83.94494589182699
17938,Female,Consultant,6.7,5.5,10.38,1.42,75,76.9935724713544
17939,Female,Engineer,8.14,8.99,4.9,1.97,91,86.96675858779139
17949,Female,Manager,12.07,3.21,8.6,0.12,82,73.25673067810207
17961,Male,Healthcare Worker,9.01,7.19,7.69,0.11,82,81.29896571523285
17962,Female,Entrepreneur,12.67,5.0,6.04,0.29,79,74.48232296268586
17966,Female,Freelancer,9.5,5.99,7.77,0.75,78,84.0286051983824
17979,Female,Teacher,6.09,6.83,8.71,2.36,88,87.95034949084547
17998,Female,Manual Laborer,11.36,4.33,7.3,1.01,71,78.88948308400614
18006,Female,Office Worker,8.57,6.21,6.23,3.0,84,87.81477870178418
18010,Female,Healthcare Worker,8.41,8.81,6.68,0.11,92,86.44432226816467
18011,Female,Scientist,8.15,6.26,7.82,1.77,85,87.556116541541
18026,Male,Scientist,7.86,6.11,7.11,2.91,74,83.71188167603506
18029,Male,Artist,6.71,11.6,5.41,0.28,80,83.69042524977058
18036,Female,Manager,8.78,5.91,6.31,3.0,81,89.29068305175116
18042,Female,Scientist,8.1,7.36,6.82,1.72,73,87.56899800994015
18047,Male,Technician,9.69,3.55,8.08,2.68,74,83.35585229684318
18055,Male,Freelancer,5.4,10.83,7.19,0.58,82,85.4308301165861
18058,Female,Manager,10.51,4.09,8.43,0.97,83,76.98748095748302
18061,Male,Driver,10.81,3.79,6.86,2.54,81,79.24405152232544
18071,Male,Artist,4.18,11.61,5.78,2.44,100,87.11796269998021
18076,Male,Artist,9.21,9.16,5.34,0.29,57,82.0059937892982
18078,Female,Manual Laborer,8.48,4.22,8.91,2.39,97,81.35118761687228
18082,Female,Technician,8.29,4.85,10.1,0.76,70,78.72198589946346
18095,Male,Technician,9.85,5.98,6.11,2.06,68,81.2707065507008
18105,Male,Consultant,8.23,6.3,6.47,3.0,83,85.4949121043152
18122,Female,Driver,11.87,3.82,6.98,1.33,71,78.70029909778843
18127,Male,Artist,7.24,6.49,9.37,0.91,72,78.0732647139229
18138,Male,Engineer,8.05,8.3,6.5,1.15,92,83.61469942392544
18139,Female,Scientist,10.11,7.4,5.45,1.03,80,80.67416974811
18140,Female,Artist,6.57,7.75,8.27,1.42,93,88.45180548040527
18146,Female,Manual Laborer,9.13,4.16,7.71,3.0,90,88.0643535678448
18149,Female,Retail Worker,8.77,7.1,6.3,1.83,94,86.65123524037807
18153,Female,Manual Laborer,11.66,2.29,8.36,1.69,67,76.26153889587982
18157,Female,Retail Worker,7.8,7.05,6.92,2.23,91,90.34353340666961
18165,Male,Retail Worker,9.65,7.7,6.65,0.0,94,78.89150903791985
18167,Female,Artist,5.57,9.01,9.32,0.11,67,82.76397452422299
18172,Female,Consultant,7.93,6.53,9.16,0.38,88,79.44986261508637
18177,Male,Engineer,8.0,6.29,9.12,0.59,79,77.14983942383633
18185,Male,Teacher,6.31,9.15,7.15,1.39,77,87.92822418462445
18189,Female,Artist,9.43,9.11,4.46,1.01,97,82.69804255562282
18192,Female,Entrepreneur,13.76,1.12,8.63,0.49,56,72.02522015157233
18205,Male,Manager,13.88,1.0,7.17,1.95,78,71.82516187761958
18214,Female,Retail Worker,7.11,6.44,8.37,2.08,90,88.36037284122817
18217,Male,Manual Laborer,10.7,6.14,4.97,2.19,87,80.30403019698056
18221,Male,Manager,8.65,4.69,10.17,0.5,66,72.88560250452379
18223,Male,Manual Laborer,9.2,4.02,8.06,2.72,87,83.38619468855093
18229,Male,Office Worker,7.92,5.14,9.97,0.96,78,75.04990830690076
18238,Male,Teacher,6.98,8.77,6.74,1.51,90,85.51377596239978
18240,Male,Driver,8.92,6.27,7.64,1.17,91,80.79521327529874
18252,Male,Manager,11.01,3.98,7.36,1.65,78,79.25872030015563
18264,Male,Technician,8.46,8.24,4.29,3.0,90,83.74874580871236
18268,Male,Manual Laborer,8.15,6.47,7.17,2.22,88,85.88954252469198
18283,Male,Freelancer,11.62,1.4,7.99,2.99,66,78.59628163990557
18286,Male,Engineer,9.06,6.09,6.78,2.07,75,84.44042480899572
18289,Female,Freelancer,7.89,4.88,8.47,2.76,100,85.88336418318158
18292,Male,Office Worker,7.42,6.62,7.18,2.78,85,87.27600087845894
18293,Male,Manual Laborer,9.29,4.64,7.37,2.69,92,82.66287238939933
18294,Female,Teacher,6.81,12.54,3.58,1.07,84,88.29340312909167
18299,Female,Driver,10.81,4.9,6.17,2.12,82,82.79360419395826
18307,Male,Scientist,9.52,7.0,6.07,1.42,84,81.79466565622808
18313,Male,Entrepreneur,11.26,1.0,9.83,1.92,64,72.53423471567478
18317,Female,Technician,7.43,6.52,7.05,3.0,98,89.20815732828855
18319,Male,Scientist,8.38,7.29,7.32,1.0,83,82.62444889907077
18325,Female,Driver,9.44,7.64,6.9,0.02,80,84.87358757726126
18337,Female,Manual Laborer,11.07,6.63,5.29,1.01,76,79.08038314345096
18346,Male,Engineer,7.93,6.57,6.5,3.0,82,85.3549626641172
18356,Female,Freelancer,11.91,3.66,6.8,1.62,82,78.67861388142718
18357,Female,Entrepreneur,11.64,1.0,9.76,1.6,78,76.11173305986178
18366,Female,Technician,7.01,7.37,6.62,3.0,91,88.44124146255268
18377,Female,Engineer,9.16,7.33,5.82,1.7,61,85.19300859151528
18379,Male,Scientist,8.99,10.39,4.62,0.0,85,77.80026863390287
18380,Male,Technician,9.27,7.74,6.1,0.88,86,79.85196675773403
18392,Female,Healthcare Worker,11.68,3.84,7.76,0.73,83,75.91671141395769
18398,Female,Scientist,8.34,8.22,6.88,0.55,74,87.28409921156076
18404,Female,Artist,4.89,11.23,6.08,1.79,93,90.79327489905717
18410,Male,Freelancer,7.05,12.13,4.82,0.0,78,82.05692089733577
18418,Female,Scientist,7.52,9.1,7.14,0.23,100,86.90564130295272
18427,Female,Healthcare Worker,10.99,4.4,8.22,0.38,71,78.35326271580314
18428,Male,Driver,10.58,4.21,8.35,0.85,64,76.83818044824989
18431,Female,Consultant,9.12,2.63,9.74,2.51,95,78.29124097074381
18435,Female,Healthcare Worker,11.79,1.45,8.98,1.78,82,77.42849419296705
18439,Female,Manager,9.78,3.14,8.11,2.98,82,84.61515381362881
18440,Female,Manager,12.91,3.32,6.45,1.32,77,77.33695058330206
18447,Female,Driver,8.77,5.51,7.6,2.13,92,85.83393304046086
18448,Female,Teacher,6.68,11.88,5.44,0.0,76,85.20839115812474
18450,Male,Manual Laborer,9.59,3.19,8.87,2.35,77,78.7063934018575
18451,Female,Retail Worker,9.26,3.68,8.83,2.23,89,80.58602042461476
18456,Male,Office Worker,9.54,4.93,7.27,2.26,75,84.87773428873197
18458,Female,Scientist,7.95,6.56,6.66,2.83,90,90.76420430797785
18470,Male,Office Worker,7.37,8.62,8.01,0.0,100,77.90495276939754
18477,Female,Technician,9.75,5.94,5.79,2.53,73,85.87639540336333
18480,Male,Artist,8.81,4.37,10.83,0.0,64,74.76894153776378
18485,Female,Driver,8.75,7.79,7.46,0.0,100,86.53067000504132
18492,Male,Manager,9.12,5.42,8.05,1.41,88,80.26903601274529
18495,Male,Engineer,8.88,8.85,6.27,0.0,84,81.135837237814
18497,Female,Freelancer,6.15,9.61,6.6,1.64,76,91.2441304625026
18504,Female,Consultant,8.38,8.62,6.96,0.04,86,86.51314585145845
18511,Female,Freelancer,5.81,8.37,8.17,1.65,84,89.27494245245816
18514,Female,Entrepreneur,11.68,3.07,7.23,2.02,77,82.34191662596277
18515,Female,Retail Worker,8.62,5.95,8.37,1.06,75,82.52858972997286
18522,Male,Engineer,8.64,2.72,10.25,2.39,77,72.92097849735025
18531,Female,Engineer,7.59,6.14,8.29,1.98,91,86.74693675879752
18537,Male,Engineer,9.52,3.63,9.57,1.28,70,73.8648257843032
18540,Male,Retail Worker,8.16,5.15,8.47,2.22,73,81.9118723633817
18542,Female,Entrepreneur,10.77,3.52,7.59,2.12,77,81.40459536324299
18545,Female,Freelancer,11.66,4.16,6.92,1.26,86,77.63667697171635
18548,Female,Driver,10.01,6.38,7.6,0.0,85,83.74793095816884
18552,Female,Manager,13.49,4.37,5.83,0.32,73,74.80270340657346
18566,Female,Manager,10.61,3.69,7.61,2.1,95,82.51971373875818
18568,Male,Driver,10.79,6.16,6.43,0.62,73,77.13766173141242
18573,Male,Manual Laborer,8.57,7.5,6.35,1.59,71,82.81743276949153
18575,Female,Driver,10.1,4.11,8.14,1.64,94,82.03640781385137
18587,Female,Technician,8.06,4.43,9.47,2.04,81,80.97258909703395
18594,Female,Driver,8.3,8.52,6.03,1.14,84,85.94338895471793
18597,Male,Driver,8.57,6.91,7.64,0.89,84,80.32778775462016
18608,Male,Manual Laborer,9.96,3.62,9.76,0.67,75,71.92866203982754
18609,Female,Manual Laborer,8.75,4.55,10.62,0.08,81,76.25355590140494
18611,Female,Manager,8.09,8.82,5.57,1.51,79,87.52620447961733
18620,Male,Manager,11.07,3.41,6.74,2.77,77,80.31914977982849
18635,Male,Teacher,6.3,9.29,6.48,1.93,72,86.60252520589819
18647,Female,Retail Worker,9.66,7.85,6.49,0.0,88,83.3509691333058
18662,Male,Driver,9.32,6.3,7.92,0.47,72,78.18398084961879
18665,Female,Teacher,7.23,6.51,9.56,0.7,86,80.44709889270281
18669,Male,Retail Worker,7.72,9.41,4.42,2.45,77,85.0252252084328
18671,Female,Teacher,6.29,9.05,6.15,2.51,100,91.16929603874854
18674,Male,Scientist,9.0,3.78,9.92,1.3,79,74.57985440261915
18675,Female,Technician,9.62,5.74,5.92,2.71,97,86.4926585825595
18676,Female,Consultant,11.78,1.0,8.85,2.37,72,78.42595285093725
18681,Male,Technician,8.9,9.35,3.91,1.84,78,83.39510687738118
18686,Male,Artist,8.38,7.68,6.07,1.87,72,85.21313254411854
18690,Female,Consultant,10.0,5.51,7.61,0.89,96,84.58946692946174
18697,Male,Engineer,8.38,6.53,6.59,2.5,86,85.20344660363153
18700,Female,Artist,6.69,10.23,6.98,0.1,91,87.15115844552264
18702,Male,Artist,9.33,8.34,6.02,0.31,70,82.24349168091359
18709,Male,Artist,9.27,8.65,5.64,0.44,84,82.39272876766894
18710,Female,Manual Laborer,9.53,6.64,7.01,0.82,82,85.36252081838911
18711,Male,Driver,10.99,1.0,9.32,2.69,71,74.48017474836207
18718,Female,Freelancer,5.87,10.2,5.64,2.29,87,90.22219566840448
18725,Male,Engineer,9.69,2.98,8.54,2.79,83,80.52929134391071
18728,Female,Office Worker,7.28,8.68,7.47,0.56,87,83.67675953992538
18729,Male,Teacher,8.59,8.29,6.7,0.41,85,83.48680164322518
18740,Female,Manager,8.18,5.28,9.18,1.36,83,79.3047378895706
18755,Male,Freelancer,9.02,8.48,6.14,0.36,83,81.74976417205822
18786,Female,Manual Laborer,10.16,6.16,7.68,0.0,72,80.56434923602446
18793,Female,Scientist,9.06,5.45,6.83,2.66,84,85.09425863349205
18794,Male,Manager,12.25,1.52,10.1,0.14,57,70.63271592953949
18798,Male,Freelancer,10.44,3.89,8.06,1.61,83,79.55367342962984
18801,Female,Scientist,8.85,4.52,10.63,0.0,75,75.93924305683556
18806,Female,Technician,8.58,7.85,4.57,3.0,88,85.93908781851056
18814,Male,Artist,8.64,6.92,6.92,1.52,91,83.54182460347408
18818,Male,Freelancer,6.88,6.94,8.27,1.91,81,83.9503242285859
18824,Female,Retail Worker,9.31,7.37,6.84,0.48,67,83.60162127759904
18831,Male,Healthcare Worker,10.47,6.41,4.68,2.44,88,80.23758694615165
18838,Female,Scientist,9.91,3.92,7.74,2.44,97,85.90556800324197
18841,Male,Teacher,7.76,6.52,8.55,1.17,66,83.07722705913449
18863,Female,Manual Laborer,9.72,4.44,8.21,1.63,93,83.1660520927889
18865,Male,Healthcare Worker,8.66,5.52,7.99,1.83,72,85.73458553861495
18869,Female,Driver,9.99,5.33,8.34,0.35,85,79.66103734128632
18876,Female,Manual Laborer,11.83,1.48,7.69,3.0,71,81.44768147918343
18878,Female,Retail Worker,8.86,5.64,8.33,1.17,82,80.7656047235736
18892,Male,Manager,11.06,5.46,6.76,0.72,58,76.12062711867532
18893,Female,Engineer,9.0,5.29,9.48,0.23,68,77.44600650865688
18898,Female,Driver,8.62,5.99,6.39,3.0,97,87.85090592714934
18901,Male,Teacher,6.8,7.9,6.3,3.0,95,86.48676589614838
18903,Female,Technician,9.46,5.7,7.62,1.22,82,84.8148040647321
18904,Male,Entrepreneur,11.74,1.68,9.8,0.78,80,68.37614066424604
18906,Female,Driver,11.24,5.1,6.2,1.46,88,80.06482493558222
18913,Male,Artist,8.82,6.49,7.24,1.45,79,81.84507052883589
18914,Male,Technician,7.66,4.29,9.58,2.47,73,77.8713476510648
18915,Male,Manual Laborer,9.58,8.69,5.73,0.0,82,79.06535545070717
18919,Female,Artist,7.55,7.72,8.42,0.31,93,86.2149596947305
18921,Female,Consultant,6.39,9.49,6.65,1.48,92,89.30558652493659
18932,Female,Manager,13.77,1.0,7.16,2.08,90,76.15886801451603
18945,Male,Healthcare Worker,9.85,4.98,7.73,1.44,86,80.76398802410138
18957,Male,Freelancer,5.1,11.9,5.34,1.65,98,86.11706553066915
18958,Female,Freelancer,9.15,5.37,7.34,2.14,100,85.34552411284493
18963,Female,Retail Worker,8.75,4.78,8.59,1.87,85,83.8815074858718
18966,Female,Artist,4.89,6.48,10.37,2.26,83,80.30999399935396
18970,Female,Manual Laborer,10.55,6.79,5.72,0.94,86,80.71893998126858
18974,Male,Scientist,8.36,8.02,5.57,2.06,82,83.63947480361132
18983,Female,Scientist,8.55,7.0,6.42,2.02,81,87.07718790553861
18986,Female,Consultant,10.45,5.59,6.2,1.75,72,81.0423858568939
18992,Female,Retail Worker,6.26,9.34,8.37,0.04,88,86.01387066693698
18997,Male,Freelancer,9.99,6.72,7.29,0.0,89,76.8573095042711
19001,Female,Healthcare Worker,8.01,8.06,7.62,0.31,98,85.17071822752507
19005,Male,Technician,7.9,2.98,10.4,2.72,67,77.18416173840757
19012,Female,Manual Laborer,9.26,7.9,6.0,0.84,83,84.09360350755198
19013,Female,Manager,13.6,2.26,7.54,0.59,76,73.7447466051343
19015,Male,Scientist,8.01,6.3,8.04,1.64,85,83.19323439272446
19030,Female,Office Worker,9.02,6.07,6.96,1.95,93,83.06049938762162
19036,Male,Scientist,10.92,3.97,8.0,1.11,62,78.55013135068477
19038,Male,Engineer,9.46,6.18,7.6,0.76,92,80.48668573323857
19043,Female,Manager,11.3,4.1,7.77,0.83,79,77.34601336440225
19046,Female,Artist,5.72,9.66,6.8,1.83,91,91.82850198356041
19047,Female,Manager,13.92,3.56,5.67,0.85,70,75.54138521562135
19054,Male,Retail Worker,8.95,3.9,9.01,2.14,81,78.94938780065891
19056,Female,Driver,10.66,5.51,7.0,0.84,79,82.07711866662045
19072,Female,Healthcare Worker,11.65,2.6,7.92,1.84,74,82.63051127709495
19073,Male,Manual Laborer,11.06,2.49,7.54,2.91,69,79.39656225018665
19079,Female,Driver,8.51,8.65,5.39,1.46,73,85.630972892274
19080,Female,Manual Laborer,11.21,4.08,8.12,0.59,67,77.59402708845474
19082,Male,Scientist,7.36,7.27,8.72,0.65,96,80.0341458872406
19088,Female,Technician,9.75,5.18,6.07,3.0,94,83.64654602560613
19095,Male,Retail Worker,9.22,5.96,6.41,2.4,76,84.577515493755
19099,Female,Manual Laborer,10.26,6.29,7.19,0.26,71,81.0208942628318
19100,Male,Technician,8.85,4.62,9.18,1.35,83,76.88811179014255
19103,Female,Office Worker,7.54,10.36,6.09,0.0,74,86.46882523832036
19109,Female,Healthcare Worker,11.65,3.05,9.3,0.0,77,71.3739058888153
19111,Female,Healthcare Worker,8.15,5.51,9.49,0.85,79,79.58397845681824
19113,Female,Teacher,6.79,8.75,5.99,2.47,77,89.63270595520902
19116,Male,Driver,10.69,3.59,7.44,2.28,86,79.47684284687234
19121,Female,Manual Laborer,11.15,4.19,6.12,2.55,88,81.34681342835518
19126,Male,Teacher,8.94,4.92,9.53,0.61,63,75.51904583593608
19127,Male,Retail Worker,7.58,9.36,6.51,0.56,80,85.28602486020108
19133,Female,Freelancer,7.95,6.96,6.97,2.11,92,89.35152543154938
19138,Male,Manual Laborer,9.07,6.43,7.43,1.07,83,82.43027426975627
19140,Male,Scientist,7.85,8.3,6.83,1.02,78,83.40112672049912
19144,Male,Healthcare Worker,10.23,3.91,7.16,2.69,84,83.26879970407163
19156,Male,Scientist,8.92,5.14,8.55,1.39,87,79.52407660763132
19161,Male,Freelancer,6.84,4.62,9.69,2.84,84,80.75750006949399
19162,Female,Office Worker,7.08,6.07,7.97,2.88,100,89.3193639243583
19167,Female,Technician,9.75,5.07,7.73,1.44,92,84.4522540240122
19170,Male,Artist,5.59,7.1,9.08,2.22,95,82.28004489792016
19173,Male,Freelancer,6.55,9.66,6.45,1.34,89,88.61641857066337
19175,Female,Healthcare Worker,10.98,7.38,5.64,0.0,68,78.21953515138738
19178,Female,Retail Worker,9.91,3.74,7.77,2.57,79,84.71631343569544
19188,Male,Manual Laborer,9.53,6.62,6.8,1.05,88,82.10010706261464
19189,Female,Teacher,6.53,11.63,4.08,1.76,100,90.54359933069352
19191,Female,Freelancer,6.06,9.31,7.32,1.32,93,90.65408824693803
19199,Female,Engineer,8.96,5.48,7.5,2.06,81,85.15055256142821
19202,Female,Manager,12.27,1.0,7.84,2.89,80,81.14635620814133
19209,Female,Scientist,8.47,7.08,7.13,1.32,97,86.97153413071925
19210,Male,Freelancer,11.9,4.06,5.4,2.64,80,79.06813121112621
19212,Female,Manual Laborer,11.74,3.86,8.33,0.07,85,71.97507159895305
19213,Male,Technician,9.04,5.04,7.85,2.06,79,83.0185673635415
19214,Female,Freelancer,8.4,5.69,7.14,2.77,100,88.98772169438423
19220,Female,Driver,10.63,4.78,7.58,1.01,90,81.18185835943763
19223,Female,Technician,7.95,6.91,9.14,0.0,81,77.8963645461349
19225,Male,Healthcare Worker,11.08,2.01,8.35,2.56,73,76.83781455896191
19247,Female,Artist,7.83,6.07,7.76,2.34,96,87.32911807405969
19253,Female,Healthcare Worker,9.81,7.66,6.53,0.0,89,83.94779388580135
19255,Male,Retail Worker,7.53,5.98,8.88,1.61,81,79.59155016080894
19266,Male,Artist,6.32,9.02,5.8,2.85,90,87.12674726301128
19269,Female,Healthcare Worker,9.79,7.11,5.05,2.04,98,85.43265014748005
19282,Female,Healthcare Worker,10.98,4.35,7.5,1.16,94,79.33899224647665
19305,Female,Teacher,8.84,8.1,6.37,0.69,85,83.67036331299063
19307,Female,Artist,6.54,10.05,6.93,0.47,99,87.33875236168636
19311,Male,Driver,9.97,3.43,10.6,0.0,68,71.61529205609179
19325,Male,Scientist,9.42,9.43,4.08,1.08,76,79.63033617686234
19330,Male,Scientist,8.31,3.96,9.16,2.56,79,79.04901067810334
19339,Male,Healthcare Worker,9.47,6.12,7.18,1.23,81,81.25578390297596
19340,Male,Retail Worker,9.31,4.09,8.14,2.47,75,83.68735727517812
19344,Male,Entrepreneur,11.81,3.02,7.98,1.19,81,72.1659374677567
19355,Male,Driver,8.2,4.73,8.91,2.15,97,79.81631134300692
19357,Female,Entrepreneur,14.48,1.0,6.11,2.41,70,74.44807503993026
19362,Male,Engineer,9.14,5.93,7.21,1.72,88,82.52555006716273
19366,Male,Manager,9.77,7.6,4.28,2.36,72,81.65629732758721
19368,Female,Office Worker,9.5,3.51,9.76,1.24,68,77.31573167405621
19370,Male,Teacher,8.44,5.39,8.49,1.68,81,83.6537950722943
19377,Male,Technician,7.86,6.8,7.51,1.83,95,83.02296020359398
19383,Female,Engineer,7.72,6.27,9.84,0.18,76,76.95052117250655
19390,Female,Retail Worker,9.47,6.23,5.65,2.65,84,85.9621514397427
19398,Male,Consultant,11.51,6.45,4.53,1.51,76,74.46842747833513
19399,Female,Freelancer,11.39,4.33,6.08,2.21,94,79.84837760657557
19403,Male,Engineer,7.34,8.51,5.89,2.26,92,85.55575517039775
19408,Male,Driver,8.01,9.13,6.7,0.16,72,82.26362872013468
19409,Male,Artist,9.6,6.56,7.43,0.42,87,80.35912285327491
19410,Female,Retail Worker,6.91,6.91,8.08,2.1,83,90.2599377846553
19413,Male,Office Worker,8.88,4.98,9.39,0.75,76,74.7892993780347
19415,Male,Consultant,9.27,6.68,6.85,1.19,84,81.63110007831459
19420,Female,Consultant,10.05,4.08,7.0,2.87,79,86.33585797898075
19421,Female,Technician,8.49,7.07,7.46,0.98,94,85.88700135254008
19428,Male,Scientist,8.99,5.66,6.74,2.6,84,81.94772467374068
19429,Female,Driver,9.34,7.18,4.92,2.56,89,85.01955004972392
19443,Female,Manual Laborer,10.16,2.73,8.5,2.6,82,81.08719130508487
19446,Male,Healthcare Worker,8.72,8.85,5.12,1.3,68,81.10947217929385
19451,Male,Manager,12.21,3.84,7.08,0.87,73,73.73813650444114
19456,Female,Office Worker,7.66,9.52,4.34,2.48,84,87.89100271064754
19460,Female,Engineer,9.92,6.66,6.96,0.47,87,83.02208303395031
19481,Female,Technician,7.51,7.08,7.36,2.05,100,88.06209425649962
19488,Male,Teacher,6.61,6.78,8.2,2.42,92,85.27067967408966
19500,Male,Freelancer,10.76,3.7,6.54,3.0,74,83.53176687460568
19501,Male,Office Worker,9.37,6.0,6.64,1.99,69,83.24742141075026
19515,Female,Entrepreneur,12.96,1.0,8.0,2.04,75,76.7812064444254
19516,Male,Technician,7.25,9.15,7.4,0.2,98,82.42560502065602
19518,Female,Healthcare Worker,9.42,6.96,6.16,1.45,93,85.01190249360529
19523,Female,Manual Laborer,11.34,3.34,6.31,3.0,84,82.2752943093851
19525,Female,Driver,11.49,1.68,8.98,1.85,63,77.19171305571118
19527,Female,Consultant,7.74,6.87,8.65,0.73,63,84.11073744558249
19529,Female,Entrepreneur,11.77,6.33,5.9,0.0,87,77.61343724512948
19534,Male,Manual Laborer,11.8,4.25,7.17,0.77,85,74.81211150152747
19540,Male,Office Worker,7.13,9.62,5.16,2.09,86,85.57431606054735
19542,Female,Consultant,7.91,9.11,6.96,0.02,81,85.87454922096545
19554,Male,Manager,13.19,1.0,8.07,1.74,70,73.59386856579513
19561,Female,Office Worker,7.6,4.94,10.83,0.64,69,77.30327027649734
19571,Male,Freelancer,8.16,6.24,7.28,2.32,69,86.8874570297454
19574,Male,Driver,9.35,5.93,6.36,2.36,96,82.28283034770624
19593,Female,Driver,11.53,1.22,8.63,2.62,77,81.07562641236719
19617,Female,Teacher,8.2,7.04,5.76,3.0,90,88.44240388859427
19620,Male,Scientist,8.42,7.26,6.29,2.03,78,83.9880407524574
19623,Female,Manager,8.06,8.05,6.16,1.73,87,86.87958131189211
19632,Female,Driver,11.28,4.04,7.98,0.7,74,79.65506781168048
19639,Male,Consultant,7.95,4.14,10.43,1.49,79,72.7579311073488
19646,Female,Technician,8.14,4.64,10.0,1.21,76,76.76234446087213
19647,Male,Consultant,7.39,9.31,7.29,0.0,76,83.06200877862713
19648,Male,Technician,7.03,4.18,10.39,2.4,77,77.73432774942104
19655,Male,Artist,7.36,7.81,6.49,2.34,84,85.65672794914752
19660,Female,Retail Worker,8.96,6.18,7.63,1.23,86,83.99413330988256
19661,Male,Entrepreneur,13.42,4.8,5.36,0.42,61,70.71935090580563
19664,Female,Driver,11.93,5.35,6.66,0.06,73,77.19076130925421
19669,Female,Manual Laborer,9.77,6.51,7.24,0.47,89,85.30112839621813
19677,Male,Driver,11.24,5.21,6.31,1.24,69,76.88022178594173
19682,Male,Driver,8.84,8.8,6.17,0.19,71,81.34239712883533
19693,Male,Manager,8.58,6.13,6.61,2.68,68,84.60180650057526
19699,Male,Technician,7.05,5.94,8.53,2.47,76,84.14070010442623
19700,Male,Retail Worker,6.07,11.12,6.81,0.0,79,84.81610807074446
19701,Female,Engineer,9.27,1.53,10.2,3.0,71,77.34573342372431
19702,Male,Consultant,10.77,3.24,8.48,1.51,84,77.0675742145499
19712,Male,Freelancer,5.37,10.68,6.99,0.96,97,86.14832446155042
19726,Female,Healthcare Worker,10.3,1.0,9.7,3.0,92,79.63072631812743
19744,Female,Manual Laborer,10.18,5.42,6.81,1.58,86,84.37039780819228
19748,Female,Artist,7.62,5.38,8.6,2.4,82,85.2801715804987
19749,Female,Scientist,8.08,8.99,6.57,0.35,75,86.20292768455667
19758,Female,Retail Worker,7.01,7.21,9.78,0.0,71,80.61444584577275
19767,Male,Retail Worker,7.49,7.58,6.73,2.2,73,85.85296765475594
19776,Female,Driver,9.93,3.85,7.87,2.35,79,84.56410179809087
19783,Male,Manager,8.73,7.29,6.89,1.09,81,83.41723881917282
19789,Female,Scientist,9.05,7.18,6.62,1.15,88,83.1309408563984
19800,Female,Driver,9.72,4.1,7.42,2.76,84,87.15987965599923
19802,Male,Office Worker,7.87,6.43,8.98,0.72,86,76.95326358724589
19806,Male,Freelancer,7.82,8.34,4.84,3.0,88,85.46012378978367
19807,Female,Entrepreneur,10.97,2.03,9.55,1.45,75,77.44795914940052
19809,Male,Freelancer,6.92,9.83,6.34,0.91,88,86.35123094264699
19810,Female,Healthcare Worker,10.18,3.22,8.58,2.02,83,79.14635680350722
19817,Female,Driver,10.93,4.66,7.51,0.9,74,81.97457561557243
19819,Male,Driver,8.15,5.9,6.95,3.0,88,85.36658314907216
19825,Female,Consultant,10.41,5.28,8.31,0.0,73,78.39521351311619
19826,Male,Driver,9.23,4.61,7.69,2.47,100,82.77079000772451
19828,Female,Consultant,10.06,1.9,9.04,3.0,91,82.86980571736233
19839,Female,Retail Worker,8.54,5.95,8.09,1.42,96,85.9574208401555
19841,Female,Artist,5.77,9.06,7.4,1.77,82,91.29085342654169
19842,Male,Manual Laborer,10.98,2.75,8.16,2.12,85,77.10058216195145
19857,Male,Consultant,7.42,7.53,8.78,0.26,96,79.31997780681345
19878,Female,Driver,8.17,5.65,8.62,1.56,82,83.20078967520361
19879,Male,Teacher,6.85,8.42,7.11,1.62,81,84.5332108489004
19888,Female,Artist,6.11,5.98,8.91,3.0,78,87.45673098321328
19900,Female,Manual Laborer,11.91,2.66,8.41,1.02,73,74.58600113443349
19902,Female,Healthcare Worker,8.4,7.58,7.04,0.99,97,85.32369041061509
19903,Male,Healthcare Worker,11.56,1.24,8.52,2.68,76,76.99809250482619
19905,Male,Driver,9.71,3.5,7.79,3.0,88,81.82894444445948
19906,Male,Entrepreneur,13.25,3.48,6.97,0.3,71,69.23036016006937
19914,Male,Freelancer,9.54,5.58,7.17,1.7,85,81.30697165690376
19917,Male,Manual Laborer,8.25,7.14,7.3,1.31,81,83.5423461656414
19920,Female,Driver,9.5,5.81,8.69,0.0,76,78.32152481325224
19926,Male,Retail Worker,8.42,7.9,5.76,1.92,73,83.34106811785597
19933,Female,Technician,9.99,7.1,6.14,0.77,88,84.08931714185066
19938,Female,Teacher,8.92,7.28,6.41,1.4,84,84.8221745022839
19944,Female,Consultant,7.29,7.54,7.49,1.68,89,86.3081866486179
19950,Female,Freelancer,7.62,7.98,8.4,0.0,79,85.94869974069923
19956,Female,Driver,11.99,3.32,7.09,1.6,81,78.78667197144198
19957,Male,Technician,9.48,7.46,6.76,0.3,73,78.00541032578779
19962,Male,Technician,9.67,3.86,9.08,1.39,70,76.92837266517016
19967,Male,Entrepreneur,14.38,3.11,4.95,1.57,69,72.30045727941351
19971,Male,Freelancer,7.14,8.32,7.34,1.2,86,83.68325755888795
19977,Male,Entrepreneur,12.52,3.0,6.26,2.22,80,76.45700922006792
19987,Male,Freelancer,10.86,3.18,6.96,3.0,91,82.38845197889381
19988,Female,Consultant,11.43,3.28,7.77,1.53,81,80.75494689813623
19989,Female,Engineer,9.98,2.53,8.74,2.75,81,83.11886676294493
19993,Male,Office Worker,7.87,6.31,9.82,0.0,84,74.36306941595122
19997,Male,Retail Worker,9.58,6.4,6.93,1.09,90,81.58471322689009
19998,Female,Consultant,10.02,4.75,7.55,1.68,89,85.25887772338581
19999,Female,Engineer,7.97,8.07,7.78,0.17,87,85.90077602905154
20000,Female,Freelancer,7.73,7.66,7.61,1.0,87,86.57633581270913
